,Unnamed: 0,event_id,Unnamed: 1,NEW event_id,venue_name,start_datetime,full_name,short_name,event_category,Subcategory (optional),updated_event_category
9,9,9b565cfc-f154-5ca0-b9b8-5483d2653e4a,Broadway DiningApplause Club Beautiful NoiseB0711RSA,5190,Broadway Dining,2026-07-11 13:30:00,Applause Club Beautiful Noise,B0711RSA,Musicals,,Broadway
11,11,ad74ddf7-6f5f-5049-bd9e-6b55e762f542,ParkingPremium Parking HadestownB0611PTH,5146,Parking,2026-06-11 12:30:00,Premium Parking Hadestown,B0611PTH,Musicals,,Broadway
12,12,f3994d93-bd0a-5ef3-b4db-c0f11c606bb2,ParkingPremium Parking SpamalotB0806PTH,5158,Parking,2026-08-06 12:30:00,Premium Parking Spamalot,B0806PTH,Musicals,,Broadway
13,13,e28a0282-42c8-5496-9bd5-c8a8b85739e6,Broadway DiningApplause Club HadestownB0613RSA,5184,Broadway Dining,2026-06-13 13:30:00,Applause Club Hadestown,B0613RSA,Musicals,,Broadway
14,14,bd26cd92-ced1-5b21-9252-276b7c721565,Broadway DiningApplause Club SpamalotB0808RSA,5196,Broadway Dining,2026-08-08 13:30:00,Applause Club Spamalot,B0808RSA,Musicals,,Broadway
15,15,827b6d91-e227-56fd-929b-07052176dd3c,ParkingPrem Parking A Beautiful NoiseB0709PTH,5152,Parking,2026-07-09 12:30:00,Prem Parking A Beautiful Noise,B0709PTH,Musicals,,Broadway
16,16,3d28e322-fe8e-5c41-99d2-102d3921a52f,Broadway DiningApplause Club Disney's NewsiesB0912RSA,5202,Broadway Dining,2026-09-12 13:30:00,Applause Club Disney's Newsies,B0912RSA,Musicals,,Broadway
17,17,22ddaa4c-92b9-548a-940a-359a62d461ef,ParkingPremium Parking Disney NewsiesB0910PTH,5164,Parking,2026-09-10 12:30:00,Premium Parking Disney Newsies,B0910PTH,Musicals,,Broadway
18,18,1f33aced-f2c2-5c8b-af96-fdce893c3786,ParkingPrem Parking A Beautiful NoiseB0711PSA,5154,Parking,2026-07-11 12:30:00,Prem Parking A Beautiful Noise,B0711PSA,Musicals,,Broadway
19,19,68764223-0aaa-58b1-977b-9c798523e7bb,ParkingPremium Parking Disney NewsiesB0912PSA,5166,Parking,2026-09-12 12:30:00,Premium Parking Disney Newsies,B0912PSA,Musicals,,Broadway
20,20,8fe7c2b0-7efd-5dcb-9c76-b0b5383bf645,ParkingPremium Parking Disney NewsiesB0911PFR,5165,Parking,2026-09-11 12:30:00,Premium Parking Disney Newsies,B0911PFR,Musicals,,Broadway
23,23,0a8eddcb-6b67-5c8c-a0c5-7c9c7741caab,Starlight TheatreHadestownB0613ESA,5120,Starlight Theatre,2026-06-13 15:00:00,Hadestown,B0613ESA,Musicals,,Broadway
24,24,2ccdc202-d4e1-5b77-b135-f2e9f8014f00,Starlight TheatreA Beautiful NoiseB0711ESA,5126,Starlight Theatre,2026-07-11 15:00:00,A Beautiful Noise,B0711ESA,Musicals,,Broadway
25,25,5d1da457-5929-5dde-bce0-fbb4932c6df0,Starlight TheatreDisney's NewsiesB0912ESA,5138,Starlight Theatre,2026-09-12 14:30:00,Disney's Newsies,B0912ESA,Musicals,,Broadway
26,26,d861b77b-9200-5a1a-8454-8aaf8fde0428,ParkingPremium Parking HadestownB0613PSA,5148,Parking,2026-06-13 12:30:00,Premium Parking Hadestown,B0613PSA,Musicals,,Broadway
27,27,8fb60afc-f7fd-5851-af04-560d4b3fbc11,ParkingPrem Parking A Beautiful NoiseB0710PFR,5153,Parking,2026-07-10 12:30:00,Prem Parking A Beautiful Noise,B0710PFR,Musicals,,Broadway
28,28,fd2ea8c1-8f50-579b-b22c-ff971ea88aa5,ParkingPremium Parking HadestownB0612PFR,5147,Parking,2026-06-12 12:30:00,Premium Parking Hadestown,B0612PFR,Musicals,,Broadway
29,29,4b8940a8-beb5-5e42-b4c1-7fd6201d8e8e,ParkingPremium Parking HadestownB0609PTU,5144,Parking,2026-06-09 12:30:00,Premium Parking Hadestown,B0609PTU,Musicals,,Broadway
30,30,e1d40234-e2d9-54b1-a290-931568ea30ba,ParkingPremium Parking SpamalotB0808PSA,5160,Parking,2026-08-08 12:30:00,Premium Parking Spamalot,B0808PSA,Musicals,,Broadway
31,31,79eefe02-c27f-5499-94bf-291979f48bbd,ParkingPremium Parking SpamalotB0804PTU,5156,Parking,2026-08-04 12:30:00,Premium Parking Spamalot,B0804PTU,Musicals,,Broadway
32,32,93420c47-e104-562d-8001-e862ff227769,ParkingPremium Parking Disney NewsiesB0908PTU,5162,Parking,2026-09-08 12:30:00,Premium Parking Disney Newsies,B0908PTU,Musicals,,Broadway
33,33,ac15c3d1-d399-5e17-89cb-8ea36f7f8bfe,Starlight TheatreSpamalotB0808ESA,5132,Starlight Theatre,2026-08-08 15:00:00,Spamalot,B0808ESA,Stand Up Comedy,,Broadway
34,34,fbcff128-8961-51d1-b35c-a037a8b90c09,ParkingPrem Parking A Beautiful NoiseB0707PTU,5150,Parking,2026-07-07 12:30:00,Prem Parking A Beautiful Noise,B0707PTU,Musicals,,Broadway
35,35,ddbc219b-7aa0-53bf-87b1-c3edd3345229,ParkingPremium Parking SpamalotB0807PFR,5159,Parking,2026-08-07 12:30:00,Premium Parking Spamalot,B0807PFR,Musicals,,Broadway
36,36,61c11df0-6669-529e-bb4c-7ac7f58ad104,Starlight TheatreA Beautiful NoiseB0707ETU,5122,Starlight Theatre,2026-07-07 15:00:00,A Beautiful Noise,B0707ETU,Musicals,,Broadway
37,37,5fac494d-e80d-5ee6-8542-60466357fa62,Starlight TheatreA Beautiful NoiseB0709ETH,5124,Starlight Theatre,2026-07-09 15:00:00,A Beautiful Noise,B0709ETH,Musicals,,Broadway
38,38,bddc19ee-34f2-5eaa-a020-22f11666e99c,Starlight TheatreDisney's NewsiesB0910ETH,5136,Starlight Theatre,2026-09-10 14:30:00,Disney's Newsies,B0910ETH,Musicals,,Broadway
40,40,7ff602fc-0009-5d72-9276-2af0c5f504f9,Starlight TheatreDisney's NewsiesB0908ETU,5134,Starlight Theatre,2026-09-08 14:30:00,Disney's Newsies,B0908ETU,Musicals,,Broadway
41,41,c3c4bd2c-1183-5f2b-840e-4537722b56ad,Starlight TheatreHadestownB0609ETU,5116,Starlight Theatre,2026-06-09 15:00:00,Hadestown,B0609ETU,Musicals,,Broadway
42,42,4201a5da-9039-5a5d-8707-0bb99d88f7d7,Starlight TheatreHadestownB0611ETH,5118,Starlight Theatre,2026-06-11 15:00:00,Hadestown,B0611ETH,Musicals,,Broadway
43,43,a3575509-9142-53c4-89be-ee4d4534ad5d,Starlight TheatreSpamalotB0804ETU,5128,Starlight Theatre,2026-08-04 15:00:00,Spamalot,B0804ETU,Musicals,,Broadway
44,44,e0b768c5-0f0a-51f7-94b6-0e8c7822c04a,Starlight TheatreSpamalotB0806ETH,5130,Starlight Theatre,2026-08-06 15:00:00,Spamalot,B0806ETH,Musicals,,Broadway
45,45,0828e45b-5f16-50a7-9c77-10fd225bcd82,Broadway DiningApplause Club HadestownB0614RSU,5185,Broadway Dining,2026-06-14 13:30:00,Applause Club Hadestown,B0614RSU,Musicals,,Broadway
47,47,c05ea98b-918d-5122-bbc9-600205243300,Broadway DiningApplause Club Disney's NewsiesB0913RSU,5203,Broadway Dining,2026-09-13 13:30:00,Applause Club Disney's Newsies,B0913RSU,Musicals,,Broadway
48,48,76cab60d-10e8-52ee-b9e9-ab243dd52ab3,Broadway DiningApplause Club Beautiful NoiseB0712RSU,5191,Broadway Dining,2026-07-12 13:30:00,Applause Club Beautiful Noise,B0712RSU,Musicals,,Broadway
49,49,db5ace48-4e8e-51d0-b06e-c40b72b04d12,Broadway DiningApplause Club SpamalotB0809RSU,5197,Broadway Dining,2026-08-09 13:30:00,Applause Club Spamalot,B0809RSU,Musicals,,Broadway
62,62,9b637840-1803-526c-b1df-a9df9fabe61d,Starlight Theatre2026 Premium SeatsPSS26,5228,Starlight Theatre,2026-10-31 15:00:00,2026 Premium Seats,PSS26,Uncategorized,,Concert
63,63,4c1fccaf-d918-5b03-b13f-23bc5b8d59e0,Timed EntryVan Gogh AliveIJ107FR,3912,Timed Entry,2022-01-07 4:00:00,Van Gogh Alive,IJ107FR,Visual Arts,,Other
66,66,522f91b5-20e9-583e-b8a4-154f8dfda102,Timed EntryVan Gogh AliveIJ128FR,3948,Timed Entry,2022-01-28 4:00:00,Van Gogh Alive,IJ128FR,Visual Arts,,Other
68,68,598a11d2-57fc-5aff-956a-9cd66c4925a7,Timed EntryVan Gogh AliveIJ121FR,3942,Timed Entry,2022-01-21 4:00:00,Van Gogh Alive,IJ121FR,Visual Arts,,Other
73,73,30148b96-4541-5df2-aa01-358726e6bc68,ParkingOklahoma ParkingB0513PFR,3797,Parking,2022-05-13 12:30:00,Oklahoma Parking,B0513PFR,Uncategorized,,Concert
74,74,c8949454-5b6e-5967-8fc4-cb719f2eadd4,Starlight TheatreWaitressB0520EFR,3743,Starlight Theatre,2022-05-20 15:00:00,Waitress,B0520EFR,Musicals,,Broadway
75,75,33484d2b-48d6-5044-95b4-96f9bc6f2592,ParkingWaitress ParkingB0520PFR,3803,Parking,2022-05-20 12:30:00,Waitress Parking,B0520PFR,Musicals,,Broadway
76,76,2af32b74-6745-56a1-bcb0-b148a0fd4645,Broadway DiningWaitress DiningB0520RFR,3842,Broadway Dining,2022-05-20 13:00:00,Waitress Dining,B0520RFR,Musicals,,Broadway
80,80,8806e570-67f2-55c4-8002-d00d8fc5b982,Starlight TheatreHairsprayB0610EFR,3757,Starlight Theatre,2022-06-10 15:00:00,Hairspray,B0610EFR,Musicals,,Broadway
81,81,8958404a-7f9f-519c-a8b3-85d296367988,ParkingHairspray ParkingB0610PFR,3809,Parking,2022-06-10 12:30:00,Hairspray Parking,B0610PFR,Musicals,,Broadway
82,82,2b0ed1c8-f278-5d17-aaba-a4f85cd82a25,Broadway DiningHairspray DiningB0610RFR,3848,Broadway Dining,2022-06-10 13:00:00,Hairspray Dining,B0610RFR,Musicals,,Broadway
83,83,be71a250-c5b2-58e0-b8ac-1a211dc77d0d,ParkingRiverdance ParkingB0617PFR,3812,Parking,2022-06-17 12:30:00,Riverdance Parking,B0617PFR,Musicals,,Broadway
85,85,5b4b56ea-46b9-57ba-95b2-5113168a153b,Starlight TheatreRiverdanceB0617EFR,3746,Starlight Theatre,2022-06-17 15:00:00,Riverdance,B0617EFR,Musicals,,Broadway
86,86,5e951d2c-f0dd-5a37-92bf-7e9a0320dac9,Starlight TheatreBlue Man GroupB0624EFR,3749,Starlight Theatre,2022-06-24 15:00:00,Blue Man Group,B0624EFR,Special Guest,,Concert
87,87,84459209-826b-5d24-8219-8e37e9e7e84e,Broadway DiningBlue Man Group DiningB0624RFR,3854,Broadway Dining,2022-06-24 13:00:00,Blue Man Group Dining,B0624RFR,Special Guest,,Concert
88,88,2ab30f2d-b88a-5d2f-bcf6-5166150db2ad,ParkingBlue Man Group ParkingB0624PFR,3815,Parking,2022-06-24 12:30:00,Blue Man Group Parking,B0624PFR,Special Guest,,Concert
89,89,ea4b658f-35e3-5051-9250-103783863490,Broadway DiningRiverdance DiningB0617RFR,3851,Broadway Dining,2022-06-17 13:00:00,Riverdance Dining,B0617RFR,Musicals,,Broadway
104,104,6cfe6228-b2fc-5f12-9a53-f78336ca45a8,Starlight TheatreSister ActB0819EFR,3769,Starlight Theatre,2022-08-19 15:00:00,Sister Act,B0819EFR,Musicals,,Broadway
105,105,b0282778-e9b0-5687-8a40-f3b924e4dfdb,Starlight TheatreAnastasiaB0812EFR,3763,Starlight Theatre,2022-08-12 15:00:00,Anastasia,B0812EFR,Musicals,,Broadway
107,107,7864c883-0d45-5c9c-bc44-fc6bca95339a,ParkingSister Act ParkingB0819PFR,3827,Parking,2022-08-19 12:30:00,Sister Act Parking,B0819PFR,Musicals,,Broadway
108,108,f87cc7fb-ad1d-50d6-9d9c-20b0a9902dad,Broadway DiningSister Act DiningB0819RFR,3866,Broadway Dining,2022-08-19 13:00:00,Sister Act Dining,B0819RFR,Musicals,,Broadway
109,109,f03e2eb6-ba62-52bc-8761-de4e54a43d04,ParkingAnastasia ParkingB0812PFR,3821,Parking,2022-08-12 12:30:00,Anastasia Parking,B0812PFR,Musicals,,Broadway
110,110,6fc18b61-74c2-558a-a42b-c93124b6a39b,ParkingPremium Parking at 1776B0728PFR,4238,Parking,2023-07-28 12:30:00,Premium Parking at 1776,B0728PFR,Uncategorized,,Concert
111,111,777f3d10-a5ae-581f-9598-b0de70d26a7e,Starlight TheatreThe PromB0916EFR,3775,Starlight Theatre,2022-09-16 15:00:00,The Prom,B0916EFR,Musicals,,Broadway
113,113,d0cfdac9-9c19-58f6-b40e-76344181baa5,Broadway DiningThe Prom DiningB0916RFR,3872,Broadway Dining,2022-09-16 13:00:00,The Prom Dining,B0916RFR,Musicals,,Broadway
114,114,150b4c86-dfa7-5858-aac2-7c90415b9156,ParkingThe Prom ParkingB0916PFR,3833,Parking,2022-09-16 12:30:00,The Prom Parking,B0916PFR,Musicals,,Broadway
115,115,1097e97e-0fcf-5003-94c6-fb43ddc8e4d1,Starlight Theatre2022 PSS PlaceholderPSS,3904,Starlight Theatre,2022-10-31 15:00:00,2022 PSS Placeholder,PSS,Uncategorized,,Concert
116,116,b1aee31c-2f3e-57a4-9ed8-27fe99578e22,Stage HouseThe Crown - Live!I1014EFR,4080,Stage House,2022-10-14 14:30:00,The Crown - Live!,I1014EFR,Musicals,,Broadway
117,117,8a67de84-7ae1-5b27-bd2f-6a0ab6ea1630,Timed EntryMonet & Friends AliveM1111FR,4121,Timed Entry,2022-11-11 4:00:00,Monet & Friends Alive,M1111FR,Visual Arts,,Other
118,118,8406a542-6fd2-58c4-8be1-61fba7358533,Timed EntryMonet & Friends AliveM1104FR,4115,Timed Entry,2022-11-04 5:00:00,Monet & Friends Alive,M1104FR,Visual Arts,,Other
120,120,f50fa414-2e57-5783-9eb9-abe9895011fd,Timed EntryMonet & Friends AliveM1118FR,4127,Timed Entry,2022-11-18 4:00:00,Monet & Friends Alive,M1118FR,Visual Arts,,Other
121,121,d6f4da40-fb04-5959-ab3f-37114fd037dd,Timed EntryMonet & Friends AliveM1224SA,4157,Timed Entry,2022-12-24 4:00:00,Monet & Friends Alive,M1224SA,Visual Arts,,Other
122,122,e55a3abb-7ff2-5311-a484-d0b2dc8c3caa,Timed EntryMonet & Friends AliveM1202FR,4138,Timed Entry,2022-12-02 4:00:00,Monet & Friends Alive,M1202FR,Visual Arts,,Other
123,123,a7df8fee-484c-50d5-9f16-cb458e418ad8,Timed EntryMonet & Friends AliveM1222TH,4155,Timed Entry,2022-12-22 4:00:00,Monet & Friends Alive,M1222TH,Visual Arts,,Other
124,124,db12267c-3bfa-566c-9ef5-7b1bcd65a5f7,Timed EntryMonet & Friends AliveM1223FR,4156,Timed Entry,2022-12-23 4:00:00,Monet & Friends Alive,M1223FR,Visual Arts,,Other
127,127,01a69577-1ea0-5675-8c67-c5d8d326a669,Timed EntryMonet & Friends AliveM1125FR,4132,Timed Entry,2022-11-25 4:00:00,Monet & Friends Alive,M1125FR,Visual Arts,,Other
128,128,611f573a-e70c-57ef-956c-0f2d7d9fc850,Timed EntryMonet & Friends AliveM1209FR,4144,Timed Entry,2022-12-09 4:00:00,Monet & Friends Alive,M1209FR,Visual Arts,,Other
129,129,a2c34a4b-930d-5ddf-9916-ce300fe547a6,Timed EntryMonet & Friends AliveM1216FR,4150,Timed Entry,2022-12-16 4:00:00,Monet & Friends Alive,M1216FR,Visual Arts,,Other
130,130,dbf28249-e00c-5032-8741-ace26281dc55,Timed EntryMonet & Friends AliveM1230FR,4162,Timed Entry,2022-12-30 4:00:00,Monet & Friends Alive,M1230FR,Visual Arts,,Other
132,132,10a76e65-22ce-5a2e-9f9d-97198e5343cf,Starlight Theatre23 YFS Sunday MembershipYFSSUN,4324,Starlight Theatre,2024-03-31 15:00:00,23 YFS Sunday Membership,YFSSUN,Uncategorized,,Concert
137,137,7a31efbf-564e-58c9-8160-6c0778390004,Stage HouseForbidden BroadwayI0311ESA,4097,Stage House,2023-03-11 13:30:00,Forbidden Broadway,I0311ESA,Musicals,,Broadway
141,141,79f12ebb-d066-56ac-971e-51335e4da98c,Starlight Theatre23 YFS Friday MembershipYFSFRI,4322,Starlight Theatre,2024-03-31 15:00:00,23 YFS Friday Membership,YFSFRI,Uncategorized,,Concert
146,146,0615ac6f-5101-5a8f-b195-53b2fe03a449,Stage HouseDixie Longate - Cherry Bomb'sI0204ESA,4102,Stage House,2023-02-04 13:30:00,Dixie Longate - Cherry Bomb's,I0204ESA,Stand Up Comedy,,Broadway
147,147,7aa4f356-8070-580a-aa75-bd9de32c0e67,Stage HouseDixie Longate - Cherry Bomb'sI0204ASA,4101,Stage House,2023-02-04 8:00:00,Dixie Longate - Cherry Bomb's,I0204ASA,Stand Up Comedy,,Broadway
148,148,b137e0bd-c302-52d0-9c85-29be6ab429da,Stage HouseForbidden BroadwayI0309ETH,4094,Stage House,2023-03-09 13:30:00,Forbidden Broadway,I0309ETH,Musicals,,Broadway
149,149,ea5da5c5-be70-5810-878b-a4bb69703bef,Stage HouseThe Second City Hits HomeI0218ESA,4089,Stage House,2023-02-18 13:30:00,The Second City Hits Home,I0218ESA,Stand Up Comedy,,Broadway
150,150,4c5d7e78-97bb-5806-bf4f-9f85eb787fcf,Stage HouseThe Second City Hits HomeI0217EFR,4087,Stage House,2023-02-17 13:30:00,The Second City Hits Home,I0217EFR,Stand Up Comedy,,Broadway
151,151,87133295-0e44-511f-9f31-75288cc18876,Stage HouseForbidden BroadwayI0311ASA,4096,Stage House,2023-03-11 8:00:00,Forbidden Broadway,I0311ASA,Musicals,,Broadway
152,152,de47e534-5f7e-506b-a4f5-34da5648c7a1,Stage HouseForbidden BroadwayI0312ASU,4098,Stage House,2023-03-12 9:00:00,Forbidden Broadway,I0312ASU,Musicals,,Broadway
153,153,f28c6c9e-ff64-5299-9d3b-0f3f4e478ec1,Stage HouseThe Second City Hits HomeI0215EWE,4085,Stage House,2023-02-15 13:30:00,The Second City Hits Home,I0215EWE,Stand Up Comedy,,Broadway
154,154,bcbe8210-e0fb-531c-9542-266550d119d8,Stage HouseThe Second City Hits HomeI0218ASA,4088,Stage House,2023-02-18 8:00:00,The Second City Hits Home,I0218ASA,Stand Up Comedy,,Broadway
155,155,767fc3b3-44d0-5ae8-b0e7-b782f4976932,Starlight Theatre23 YFS Saturday MembershipYFSSAT,4323,Starlight Theatre,2024-03-31 15:00:00,23 YFS Saturday Membership,YFSSAT,Uncategorized,,Concert
156,156,09c9f159-fdc2-5653-8bb2-35f0533ac6ff,Starlight Theatre23 YFS Tuesday MembershipYFSTUE,4319,Starlight Theatre,2024-03-31 15:00:00,23 YFS Tuesday Membership,YFSTUE,Uncategorized,,Concert
159,159,fb77f1da-8084-5efe-b06c-7838074a5776,Stage HouseThe Second City Hits HomeI0214ETU,4084,Stage House,2023-02-14 13:30:00,The Second City Hits Home,I0214ETU,Stand Up Comedy,,Broadway
160,160,a038eed9-672f-5d48-8dd3-206cf7f30a1c,Stage HouseDixie Longate - Cherry Bomb'sI0203EFR,4100,Stage House,2023-02-03 13:30:00,Dixie Longate - Cherry Bomb's,I0203EFR,Stand Up Comedy,,Broadway
161,161,85972957-9a92-53f8-b776-62a229b3d721,Stage HouseThe Second City Hits HomeI0216ETH,4086,Stage House,2023-02-16 13:30:00,The Second City Hits Home,I0216ETH,Stand Up Comedy,,Broadway
162,162,e6f5482f-353c-5c8f-a555-4e5ce49c1469,Stage HouseThe Second City Hits HomeI0219ASU,4090,Stage House,2023-02-19 8:00:00,The Second City Hits Home,I0219ASU,Stand Up Comedy,,Broadway
168,168,0a0a459b-14e1-5342-8b73-baee75d1e234,Starlight TheatreRiverdanceB0618ESA,3747,Starlight Theatre,2022-06-18 20:00:00,Riverdance,B0618ESA,Musicals,,Broadway
169,169,1a4061dc-7654-5e6f-97ed-d48e5dd9980b,ParkingRiverdance ParkingB0619PSU,3814,Parking,2022-06-19 17:30:00,Riverdance Parking,B0619PSU,Musicals,,Broadway
171,171,deafbf7a-817a-57d7-94bd-96e633b99fe8,ParkingRiverdance ParkingB0618PSA,3813,Parking,2022-06-18 17:30:00,Riverdance Parking,B0618PSA,Musicals,,Broadway
172,172,0ef1b5d0-573c-5321-90cf-ee1b6111b1d1,Starlight TheatreRiverdanceB0619ESU,3748,Starlight Theatre,2022-06-19 20:00:00,Riverdance,B0619ESU,Musicals,,Broadway
173,173,81936f4d-68b1-50cf-b4f9-67196133892e,Broadway DiningRiverdance DiningB0619RSU,3853,Broadway Dining,2022-06-19 18:00:00,Riverdance Dining,B0619RSU,Musicals,,Broadway
176,176,dbc24118-c574-5bf4-9132-dee7e5fc2640,Broadway DiningRiverdance DiningB0618RSA,3852,Broadway Dining,2022-06-18 18:00:00,Riverdance Dining,B0618RSA,Musicals,,Broadway
185,185,176c234e-2de4-540e-9692-a59f3cb92751,ParkingBlue Man Group ParkingB0625PSA,3816,Parking,2022-06-25 17:30:00,Blue Man Group Parking,B0625PSA,Special Guest,,Concert
186,186,6135e778-1399-5fd1-a6b3-8f382fa2d02e,Starlight TheatreBlue Man GroupB0626ESU,3751,Starlight Theatre,2022-06-26 20:00:00,Blue Man Group,B0626ESU,Special Guest,,Concert
188,188,c342faa5-1672-5caf-bbd1-19bfad10ee6b,Broadway DiningBlue Man Group DiningB0625RSA,3855,Broadway Dining,2022-06-25 18:00:00,Blue Man Group Dining,B0625RSA,Special Guest,,Concert
189,189,1ed0404d-4584-5b30-9dca-50089c36808f,ParkingBlue Man Group ParkingB0626PSU,3817,Parking,2022-06-26 17:30:00,Blue Man Group Parking,B0626PSU,Special Guest,,Concert
190,190,248b070e-4b12-5e75-b6ae-79456fc47691,Starlight TheatreBlue Man GroupB0625ESA,3750,Starlight Theatre,2022-06-25 20:00:00,Blue Man Group,B0625ESA,Special Guest,,Concert
191,191,1009c73d-0563-5a58-8e20-533c696528a0,Broadway DiningBlue Man Group DiningB0626RSU,3856,Broadway Dining,2022-06-26 18:00:00,Blue Man Group Dining,B0626RSU,Special Guest,,Concert
216,216,a48704b1-9119-576c-8944-36cb067e89b6,Starlight TheatreAnastasiaB0809ETU,3760,Starlight Theatre,2022-08-09 20:00:00,Anastasia,B0809ETU,Musicals,,Broadway
220,220,b8aa5563-65d4-56ee-bc2a-f6390df959e9,Broadway DiningAnastasia DiningB0810RWE,3858,Broadway Dining,2022-08-10 18:00:00,Anastasia Dining,B0810RWE,Musicals,,Broadway
222,222,67eb9578-9399-54b3-80f5-aef2fb84f004,ParkingAnastasia ParkingB0811PTH,3820,Parking,2022-08-11 17:30:00,Anastasia Parking,B0811PTH,Musicals,,Broadway
223,223,71a4f635-6574-5227-9e4a-5125809dd89b,ParkingAnastasia ParkingB0809PTU,3818,Parking,2022-08-09 17:30:00,Anastasia Parking,B0809PTU,Musicals,,Broadway
224,224,6581d2b0-6644-513c-8049-f1686bff8784,Starlight TheatreAnastasiaB0811ETH,3762,Starlight Theatre,2022-08-11 20:00:00,Anastasia,B0811ETH,Musicals,,Broadway
225,225,44c9daa7-48e7-5197-b366-a2ee62e94e24,Starlight TheatreAnastasiaB0810EWE,3761,Starlight Theatre,2022-08-10 20:00:00,Anastasia,B0810EWE,Musicals,,Broadway
226,226,4aec093d-ce50-5bc9-9dea-b8e1f516eb79,ParkingAnastasia ParkingB0810PWE,3819,Parking,2022-08-10 17:30:00,Anastasia Parking,B0810PWE,Musicals,,Broadway
235,235,1eaf30bf-b992-51e0-a05e-e077f2e5f092,ParkingPremium Parking - TootsieB0519PFR,4217,Parking,2023-05-19 12:30:00,Premium Parking - Tootsie,B0519PFR,Musicals,,Broadway
236,236,6204bb05-0626-55d2-a356-0b37b6543cda,Broadway DiningTootsie - DiningB0519RFR,4261,Broadway Dining,2023-05-19 13:00:00,Tootsie - Dining,B0519RFR,Musicals,,Broadway
240,240,b0d07edf-ee69-5548-b56a-d655b34199dc,Starlight TheatreTootsieB0520ESA,4175,Starlight Theatre,2023-05-20 15:00:00,Tootsie,B0520ESA,Musicals,,Broadway
241,241,fcc6d0a9-06bf-572d-aca0-7671cbb77f98,Broadway DiningTootsie - DiningB0521RSU,4263,Broadway Dining,2023-05-21 13:00:00,Tootsie - Dining,B0521RSU,Musicals,,Broadway
242,242,22bd5cc3-bdfd-56ef-beb5-3cedf910a427,Broadway DiningTootsie - DiningB0520RSA,4262,Broadway Dining,2023-05-20 13:00:00,Tootsie - Dining,B0520RSA,Musicals,,Broadway
243,243,7b71f26c-f442-533e-b446-86078e51ea7e,ParkingPremium Parking - TootsieB0521PSU,4219,Parking,2023-05-21 12:30:00,Premium Parking - Tootsie,B0521PSU,Musicals,,Broadway
244,244,8bfe1878-58e8-5bec-9d60-b311e5023eda,ParkingPremium Parking - TootsieB0520PSA,4218,Parking,2023-05-20 12:30:00,Premium Parking - Tootsie,B0520PSA,Musicals,,Broadway
246,246,a6053275-1f4b-58cc-871c-f8c510b47bc4,Starlight TheatreTootsieB0521ESU,4176,Starlight Theatre,2023-05-21 15:00:00,Tootsie,B0521ESU,Musicals,,Broadway
247,247,160c4f5e-50d3-5058-b27d-07063472e149,Starlight TheatreTootsieB0519EFR,4174,Starlight Theatre,2023-05-19 15:00:00,Tootsie,B0519EFR,Musicals,,Broadway
249,249,a4ea8c9a-2199-5009-94a2-13fe48f96771,Starlight TheatreAnastasiaB0814ESU,3765,Starlight Theatre,2022-08-14 20:00:00,Anastasia,B0814ESU,Musicals,,Broadway
250,250,4044ac11-1fa8-54c0-9841-91855052cf30,Starlight TheatreSister ActB0817EWE,3767,Starlight Theatre,2022-08-17 20:00:00,Sister Act,B0817EWE,Musicals,,Broadway
251,251,ab24f2c5-ad4c-55f7-859c-f66ada91856f,ParkingAnastasia ParkingB0813PSA,3822,Parking,2022-08-13 17:30:00,Anastasia Parking,B0813PSA,Musicals,,Broadway
252,252,a0db97b5-f897-563c-8480-80a1927fceab,ParkingAnastasia ParkingB0814PSU,3823,Parking,2022-08-14 17:30:00,Anastasia Parking,B0814PSU,Musicals,,Broadway
253,253,ff5291b1-0b3c-54ff-80b3-bb31ad10edff,Starlight TheatreSister ActB0818ETH,3768,Starlight Theatre,2022-08-18 20:00:00,Sister Act,B0818ETH,Musicals,,Broadway
254,254,6083b241-623b-5850-bbd7-364cdb45b801,Broadway DiningSister Act DiningB0817RWE,3864,Broadway Dining,2022-08-17 18:00:00,Sister Act Dining,B0817RWE,Musicals,,Broadway
255,255,e3184fbc-17bc-50c1-8130-78ed37b3627e,Broadway DiningSister Act DiningB0816RTU,3863,Broadway Dining,2022-08-16 18:00:00,Sister Act Dining,B0816RTU,Musicals,,Broadway
256,256,a34a66b2-7d87-5376-93d2-110a1a57c2e5,Broadway DiningAnastasia DiningB0809RTU,3857,Broadway Dining,2022-08-09 18:00:00,Anastasia Dining,B0809RTU,Musicals,,Broadway
257,257,659dcbb4-135d-5f6e-8d0c-6f236d1c6568,Starlight TheatreAnastasiaB0813ESA,3764,Starlight Theatre,2022-08-13 20:00:00,Anastasia,B0813ESA,Musicals,,Broadway
258,258,e03e9810-c201-5424-a319-cb3640841d2c,Starlight TheatreSister ActB0816ETU,3766,Starlight Theatre,2022-08-16 20:00:00,Sister Act,B0816ETU,Musicals,,Broadway
259,259,b71a1ff3-e317-5f98-8893-eaff87165fcc,ParkingSister Act ParkingB0817PWE,3825,Parking,2022-08-17 17:30:00,Sister Act Parking,B0817PWE,Musicals,,Broadway
260,260,e69ff572-6e80-5e76-8e19-c4cd1c418d48,Broadway DiningAnastasia DiningB0813RSA,3861,Broadway Dining,2022-08-13 18:00:00,Anastasia Dining,B0813RSA,Musicals,,Broadway
261,261,b1f6fffb-05a3-597f-9082-8746c64eb824,Broadway DiningAnastasia DiningB0812RFR,3860,Broadway Dining,2022-08-12 18:00:00,Anastasia Dining,B0812RFR,Musicals,,Broadway
262,262,d75cc30d-3d7e-5e28-a533-b4cf4d6f4882,Broadway DiningAnastasia DiningB0814RSU,3862,Broadway Dining,2022-08-14 18:00:00,Anastasia Dining,B0814RSU,Musicals,,Broadway
263,263,6621e2fd-cc0f-5545-a060-93d6463a8e02,Broadway DiningSister Act DiningB0818RTH,3865,Broadway Dining,2022-08-18 18:00:00,Sister Act Dining,B0818RTH,Musicals,,Broadway
264,264,1350b16f-44a0-5d22-9994-e4b9ee8200d3,ParkingSister Act ParkingB0816PTU,3824,Parking,2022-08-16 17:30:00,Sister Act Parking,B0816PTU,Musicals,,Broadway
265,265,eeeb49f6-5914-5609-8334-0c567550dbad,ParkingSister Act ParkingB0818PTH,3826,Parking,2022-08-18 17:30:00,Sister Act Parking,B0818PTH,Musicals,,Broadway
266,266,9df77855-5f7e-5421-8947-b9012b518a5d,Broadway DiningAnastasia DiningB0811RTH,3859,Broadway Dining,2022-08-11 18:00:00,Anastasia Dining,B0811RTH,Musicals,,Broadway
274,274,1ed0bf92-d503-5efb-8ff7-cf324a327d31,Starlight TheatreJesus Christ SuperstarB0621EWE,4178,Starlight Theatre,2023-06-21 15:00:00,Jesus Christ Superstar,B0621EWE,Musicals,,Broadway
278,278,a1ec127a-69b4-5889-befe-a59ee3bf416a,Broadway DiningJesus Christ Superstar -DiningB0623RFR,4267,Broadway Dining,2023-06-23 13:00:00,Jesus Christ Superstar -Dining,B0623RFR,Musicals,,Broadway
280,280,d5949a85-672a-5579-99da-318eaa443f7a,ParkingPremium Parking @ JC SuperstarB0623PFR,4223,Parking,2023-06-23 12:30:00,Premium Parking @ JC Superstar,B0623PFR,Musicals,,Broadway
281,281,f42f9101-6bd2-59c3-977e-05f2b00cff3f,Starlight Theatre23 YFS Wednesday MembershipYFSWED,4320,Starlight Theatre,2024-03-31 15:00:00,23 YFS Wednesday Membership,YFSWED,Uncategorized,,Concert
282,282,c3e6da52-37ae-52e2-9a17-c875d5c189f9,Starlight TheatreJesus Christ SuperstarB0623EFR,4180,Starlight Theatre,2023-06-23 15:00:00,Jesus Christ Superstar,B0623EFR,Musicals,,Broadway
287,287,595ca965-8d19-5189-ba90-31f29108a573,Starlight TheatreJesus Christ SuperstarB0622ETH,4182,Starlight Theatre,2023-06-22 15:00:00,Jesus Christ Superstar,B0622ETH,Musicals,,Broadway
289,289,e389d6ad-f8bf-59d7-9669-61b85869f01e,Broadway DiningJesus Christ Superstar -DiningB0622RTH,4266,Broadway Dining,2023-06-22 13:00:00,Jesus Christ Superstar -Dining,B0622RTH,Musicals,,Broadway
290,290,652d3c99-1285-50f1-9ee3-36f1565e2934,Broadway DiningJesus Christ Superstar -DiningB0620RTU,4264,Broadway Dining,2023-06-20 13:00:00,Jesus Christ Superstar -Dining,B0620RTU,Musicals,,Broadway
291,291,b60c0e97-ab1e-50f5-bc7c-51d120562728,ParkingPremium Parking @ JC SuperstarB0620PTU,4220,Parking,2023-06-20 12:30:00,Premium Parking @ JC Superstar,B0620PTU,Musicals,,Broadway
292,292,c86dd748-73ba-5b2a-bee1-e6121d72d62f,Starlight Theatre23 YFS Thursday MembershipYFSTHU,4321,Starlight Theatre,2024-03-31 15:00:00,23 YFS Thursday Membership,YFSTHU,Uncategorized,,Concert
295,295,a6c5a345-a845-577c-9d8a-8c600c53ed09,ParkingPremium Parking @ JC SuperstarB0622PTH,4222,Parking,2023-06-22 12:30:00,Premium Parking @ JC Superstar,B0622PTH,Musicals,,Broadway
297,297,a58c7c22-8cc1-562d-8455-625c852310d7,ParkingPremium Parking @ JC SuperstarB0621PWE,4221,Parking,2023-06-21 12:30:00,Premium Parking @ JC Superstar,B0621PWE,Musicals,,Broadway
300,300,e6df46ea-1a79-58b2-bb8d-c17998a75edd,Broadway DiningJesus Christ Superstar -DiningB0621RWE,4265,Broadway Dining,2023-06-21 13:00:00,Jesus Christ Superstar -Dining,B0621RWE,Musicals,,Broadway
302,302,bfcd9879-c182-5e26-a00c-58e606d91f40,Broadway DiningJesus Christ Superstar -DiningB0624RSA,4268,Broadway Dining,2023-06-24 13:00:00,Jesus Christ Superstar -Dining,B0624RSA,Musicals,,Broadway
305,305,8d499846-a7aa-5cdc-a10b-4a036812bab3,Starlight TheatreJesus Christ SuperstarB0624ESA,4181,Starlight Theatre,2023-06-24 15:00:00,Jesus Christ Superstar,B0624ESA,Musicals,,Broadway
308,308,618391b2-e03c-5174-82fb-90de27864dc0,ParkingPremium Parking @ JC SuperstarB0624PSA,4224,Parking,2023-06-24 12:30:00,Premium Parking @ JC Superstar,B0624PSA,Musicals,,Broadway
310,310,14f4b013-bf85-56dd-9608-45096647438f,Broadway DiningJesus Christ Superstar -DiningB0625RSU,4269,Broadway Dining,2023-06-25 13:00:00,Jesus Christ Superstar -Dining,B0625RSU,Musicals,,Broadway
311,311,68752184-4a39-58d9-b6a3-53f9f828d15d,Starlight TheatreLegally BlondeB0707EFR,4186,Starlight Theatre,2023-07-07 15:00:00,Legally Blonde,B0707EFR,Musicals,,Broadway
314,314,92063698-3541-54c1-9f6d-fec5bbe9c9d1,Broadway DiningLegally Blonde DiningB0707RFR,4273,Broadway Dining,2023-07-07 13:00:00,Legally Blonde Dining,B0707RFR,Musicals,,Broadway
317,317,18563a76-ffaa-5788-a89e-738fb0457ed8,ParkingPremium Parking-Legally BlondeB0712PWE,4227,Parking,2023-07-12 12:30:00,Premium Parking-Legally Blonde,B0712PWE,Musicals,,Broadway
318,318,86b01ace-dc7a-5809-886b-1828e92cf1ba,ParkingPremium Parking-Legally BlondeB0709PSU,4229,Parking,2023-07-09 12:30:00,Premium Parking-Legally Blonde,B0709PSU,Musicals,,Broadway
319,319,a8c1127c-5763-5dcc-863a-f8ed308045ec,ParkingPremium Parking @ JC SuperstarB0625PSU,4225,Parking,2023-06-25 12:30:00,Premium Parking @ JC Superstar,B0625PSU,Musicals,,Broadway
320,320,33118e92-9e55-5acb-8c2b-f10ff42bbdf3,ParkingPremium Parking-Legally BlondeB0708PSA,4230,Parking,2023-07-08 12:30:00,Premium Parking-Legally Blonde,B0708PSA,Musicals,,Broadway
322,322,b44bdcb8-9260-58e8-aae5-a6dd248f57a2,ParkingPremium Parking - RainB0721PFR,4232,Parking,2023-07-21 12:30:00,Premium Parking - Rain,B0721PFR,Musicals,,Broadway
324,324,e02e7570-643f-5d0e-a0ac-e1c755d344b3,Starlight TheatreLegally BlondeB0708ESA,4187,Starlight Theatre,2023-07-08 15:00:00,Legally Blonde,B0708ESA,Musicals,,Broadway
325,325,cc4ba559-42f6-5fe0-89b4-b4ef14460587,Broadway DiningLegally Blonde DiningB0711RTU,4270,Broadway Dining,2023-07-11 13:00:00,Legally Blonde Dining,B0711RTU,Musicals,,Broadway
326,326,7837bd6d-8b4b-58a6-a07e-96494dc18357,Broadway DiningLegally Blonde DiningB0709RSU,4275,Broadway Dining,2023-07-09 13:00:00,Legally Blonde Dining,B0709RSU,Musicals,,Broadway
327,327,9f1d02b0-d9c5-569f-989b-44a3346651f0,Broadway DiningLegally Blonde DiningB0708RSA,4274,Broadway Dining,2023-07-08 13:00:00,Legally Blonde Dining,B0708RSA,Musicals,,Broadway
329,329,82882210-cf82-5a4f-9736-5d3fc6829f32,ParkingPremium Parking-Legally BlondeB0711PTU,4226,Parking,2023-07-11 12:30:00,Premium Parking-Legally Blonde,B0711PTU,Musicals,,Broadway
330,330,a6c038bc-302f-5203-964a-fbbf3bcd63f2,Broadway DiningLegally Blonde DiningB0713RTH,4272,Broadway Dining,2023-07-13 13:00:00,Legally Blonde Dining,B0713RTH,Musicals,,Broadway
331,331,21544868-b1a9-5fed-bb25-2b850f184b62,Starlight TheatreLegally BlondeB0712EWE,4188,Starlight Theatre,2023-07-12 15:00:00,Legally Blonde,B0712EWE,Musicals,,Broadway
332,332,7314ef59-d738-50e7-81d7-2d71d7b44ad4,Starlight TheatreLegally BlondeB0713ETH,4185,Starlight Theatre,2023-07-13 15:00:00,Legally Blonde,B0713ETH,Musicals,,Broadway
335,335,e247af2c-5f2c-51fb-a19d-94a3489e61cb,Broadway DiningLegally Blonde DiningB0712RWE,4271,Broadway Dining,2023-07-12 13:00:00,Legally Blonde Dining,B0712RWE,Musicals,,Broadway
336,336,3ab62714-9e9e-5a49-bab3-6d9e10a174ab,Starlight TheatreLegally BlondeB0711ETU,4183,Starlight Theatre,2023-07-11 15:00:00,Legally Blonde,B0711ETU,Musicals,,Broadway
340,340,d0d7a9f7-131f-5d52-9216-077632ab700f,Broadway DiningRain - DiningB0722RSA,4277,Broadway Dining,2023-07-22 13:00:00,Rain - Dining,B0722RSA,Musicals,,Broadway
343,343,5b699b76-cb64-5311-a28e-e8ffa5a5fc2c,Starlight TheatreRainB0721EFR,4297,Starlight Theatre,2023-07-21 15:00:00,Rain,B0721EFR,Musicals,,Broadway
345,345,8c480984-48b1-52af-93e3-a08a36b60601,Broadway DiningRain - DiningB0721RFR,4276,Broadway Dining,2023-07-21 13:00:00,Rain - Dining,B0721RFR,Musicals,,Broadway
346,346,154395dd-ae90-5e05-a135-6e26a0921b44,ParkingPremium Parking-Legally BlondeB0713PTH,4228,Parking,2023-07-13 12:30:00,Premium Parking-Legally Blonde,B0713PTH,Musicals,,Broadway
347,347,bf35aae7-a5a9-5193-8532-78499b15abd0,Broadway Dining1776 - DiningB0729RSA,4283,Broadway Dining,2023-07-29 13:00:00,1776 - Dining,B0729RSA,Musicals,,Broadway
348,348,bf2c59d6-7551-5807-8598-29b24fc1e352,Starlight Theatre1776B0727ETH,4194,Starlight Theatre,2023-07-27 15:00:00,1776,B0727ETH,Musicals,,Broadway
349,349,fce3801f-aa15-5d56-8b1d-815f76115c6b,Starlight TheatreJagged Little PillB0802EWE,4199,Starlight Theatre,2023-08-02 15:00:00,Jagged Little Pill,B0802EWE,Musicals,,Broadway
350,350,ddbc7eae-4dfa-56c9-baf0-93f0acbaec68,Broadway Dining1776 - DiningB0725RTU,4279,Broadway Dining,2023-07-25 13:00:00,1776 - Dining,B0725RTU,Musicals,,Broadway
351,351,47cfb893-85b7-5049-9d76-9083c9ff49ae,ParkingPrem Park-Jagged Little PillB0803PTH,4243,Parking,2023-08-03 12:30:00,Prem Park-Jagged Little Pill,B0803PTH,Musicals,,Broadway
352,352,ff8f40a1-af9f-509a-9d54-ad569bcfa542,ParkingPremium Parking - RainB0722PSA,4233,Parking,2023-07-22 12:30:00,Premium Parking - Rain,B0722PSA,Musicals,,Broadway
353,353,65729e4d-e57a-5de1-9b96-6f7810b2bdfa,Broadway Dining1776 - DiningB0730RSU,4284,Broadway Dining,2023-07-30 13:00:00,1776 - Dining,B0730RSU,Musicals,,Broadway
354,354,2e8be361-da04-53ff-a9ec-2a64dc973d4b,Broadway Dining1776 - DiningB0727RTH,4281,Broadway Dining,2023-07-27 13:00:00,1776 - Dining,B0727RTH,Musicals,,Broadway
355,355,a55e2e66-49a2-524b-9e07-504347bf3354,Broadway DiningJagged Little Pill - DiningB0804RFR,4288,Broadway Dining,2023-08-04 13:00:00,Jagged Little Pill - Dining,B0804RFR,Musicals,,Broadway
356,356,205eada6-77fa-5a2f-a5de-a3def7f29c71,Starlight Theatre1776B0725ETU,4192,Starlight Theatre,2023-07-25 15:00:00,1776,B0725ETU,Musicals,,Broadway
357,357,8c66c770-77e8-5256-94f5-5fef823bc18e,Starlight Theatre1776B0729ESA,4196,Starlight Theatre,2023-07-29 15:00:00,1776,B0729ESA,Musicals,,Broadway
358,358,1193cd59-05f1-5988-a7b9-c739320e792c,ParkingPrem Park-Jagged Little PillB0802PWE,4242,Parking,2023-08-02 12:30:00,Prem Park-Jagged Little Pill,B0802PWE,Musicals,,Broadway
359,359,78988bda-43a8-5822-b573-9ba1c5543c7a,Starlight TheatreJagged Little PillB0803ETH,4200,Starlight Theatre,2023-08-03 15:00:00,Jagged Little Pill,B0803ETH,Musicals,,Broadway
361,361,bf100983-bdaa-5b33-b6ed-626252837117,ParkingPremium Parking at 1776B0726PWE,4236,Parking,2023-07-26 12:30:00,Premium Parking at 1776,B0726PWE,Musicals,,Broadway
362,362,f8e02625-ed32-563c-a914-b0b2e37c5108,ParkingPremium Parking at 1776B0725PTU,4235,Parking,2023-07-25 12:30:00,Premium Parking at 1776,B0725PTU,Musicals,,Broadway
363,363,a414faad-44ab-5713-8cab-aea4b7bd943b,ParkingPremium Parking at 1776B0729PSA,4239,Parking,2023-07-29 12:30:00,Premium Parking at 1776,B0729PSA,Musicals,,Broadway
364,364,e2ffacc1-8a99-5005-8594-24fe7d139540,Starlight TheatreJagged Little PillB0801ETU,4198,Starlight Theatre,2023-08-01 15:00:00,Jagged Little Pill,B0801ETU,Musicals,,Broadway
365,365,098558aa-a9e8-54b4-960d-5194b7f21260,Starlight TheatreRainB0723ESU,4299,Starlight Theatre,2023-07-23 15:00:00,Rain,B0723ESU,Musicals,,Broadway
366,366,f0346de6-6c31-5945-a2bb-1c83ddd7a676,Starlight TheatreJagged Little PillB0804EFR,4201,Starlight Theatre,2023-08-04 15:00:00,Jagged Little Pill,B0804EFR,Musicals,,Broadway
367,367,3a616997-d520-5660-82cf-5fff6b9c2a8d,Broadway DiningJagged Little Pill - DiningB0801RTU,4285,Broadway Dining,2023-08-01 13:00:00,Jagged Little Pill - Dining,B0801RTU,Musicals,,Broadway
368,368,f658c7f2-dc62-59a9-921c-d17faab76414,Starlight TheatreRainB0722ESA,4298,Starlight Theatre,2023-07-22 15:00:00,Rain,B0722ESA,Musicals,,Broadway
369,369,a564014a-ad55-51c7-9a42-3ada2adfa965,Broadway DiningJagged Little Pill - DiningB0803RTH,4287,Broadway Dining,2023-08-03 13:00:00,Jagged Little Pill - Dining,B0803RTH,Musicals,,Broadway
370,370,d87be9e6-c776-5c6d-8324-e03b141e4f24,ParkingPrem Park-Jagged Little PillB0804PFR,4244,Parking,2023-08-04 12:30:00,Prem Park-Jagged Little Pill,B0804PFR,Musicals,,Broadway
371,371,8d0c0325-382d-50fa-a8c4-6f5957f4e3bd,Broadway DiningJagged Little Pill - DiningB0802RWE,4286,Broadway Dining,2023-08-02 13:00:00,Jagged Little Pill - Dining,B0802RWE,Musicals,,Broadway
372,372,da6426cd-2af1-55b5-88e1-5f9259f866b5,Broadway Dining1776 - DiningB0726RWE,4280,Broadway Dining,2023-07-26 13:00:00,1776 - Dining,B0726RWE,Musicals,,Broadway
373,373,e9ec02f5-9fdd-53e5-8394-03a5de1c1e4f,Broadway DiningRain - DiningB0723RSU,4278,Broadway Dining,2023-07-23 13:00:00,Rain - Dining,B0723RSU,Musicals,,Broadway
374,374,bdb07df5-b6b6-5de3-99db-1bb653e90534,Starlight Theatre1776B0726EWE,4193,Starlight Theatre,2023-07-26 15:00:00,1776,B0726EWE,Musicals,,Broadway
375,375,d3a82d94-0881-5069-8be3-9e5d7615ea49,ParkingPremium Parking - RainB0723PSU,4234,Parking,2023-07-23 12:30:00,Premium Parking - Rain,B0723PSU,Musicals,,Broadway
376,376,61d31070-039b-5795-95fe-c855023c1e8c,ParkingPrem Park-Jagged Little PillB0801PTU,4241,Parking,2023-08-01 12:30:00,Prem Park-Jagged Little Pill,B0801PTU,Musicals,,Broadway
377,377,2b40416e-1b11-5e88-9355-a06ce35107cd,ParkingPremium Parking at 1776B0727PTH,4237,Parking,2023-07-27 12:30:00,Premium Parking at 1776,B0727PTH,Musicals,,Broadway
378,378,1abf4e96-ee6c-534a-83ae-0434c94c258d,Starlight TheatreSister ActB0821ESU,3771,Starlight Theatre,2022-08-21 20:00:00,Sister Act,B0821ESU,Musicals,,Broadway
379,379,e29c6d98-ae59-5da6-a4e6-c15cb03e6d64,ParkingSister Act ParkingB0821PSU,3829,Parking,2022-08-21 17:30:00,Sister Act Parking,B0821PSU,Musicals,,Broadway
380,380,90c9f9c0-45f3-5ace-8237-fd697f87341a,Starlight TheatreSister ActB0820ESA,3770,Starlight Theatre,2022-08-20 20:00:00,Sister Act,B0820ESA,Musicals,,Broadway
383,383,f6386683-bf4e-5c2a-a964-ee88c5f90e04,ParkingSister Act ParkingB0820PSA,3828,Parking,2022-08-20 17:30:00,Sister Act Parking,B0820PSA,Musicals,,Broadway
385,385,d7a6d15f-aa8a-5ab0-b29d-12681989e985,Broadway DiningSister Act DiningB0821RSU,3868,Broadway Dining,2022-08-21 18:00:00,Sister Act Dining,B0821RSU,Musicals,,Broadway
387,387,d6709d5b-7b11-5f34-87d6-f7d90e581fc9,Broadway DiningSister Act DiningB0820RSA,3867,Broadway Dining,2022-08-20 18:00:00,Sister Act Dining,B0820RSA,Musicals,,Broadway
388,388,42f38d4c-3506-5e84-952f-8da20d7f6ab9,Starlight TheatreThe PromB0913ETU,3772,Starlight Theatre,2022-09-13 20:00:00,The Prom,B0913ETU,Musicals,,Broadway
389,389,f082f295-7858-54dc-a512-9c643e86c983,ParkingThe Prom ParkingB0913PTU,3830,Parking,2022-09-13 17:30:00,The Prom Parking,B0913PTU,Musicals,,Broadway
390,390,9d542b40-9e17-575e-9f49-291634559def,Starlight TheatreThe PromB0914EWE,3773,Starlight Theatre,2022-09-14 20:00:00,The Prom,B0914EWE,Musicals,,Broadway
391,391,0eca500d-49c0-518a-b62a-d7ef0fea1f4c,Starlight TheatreThe PromB0915ETH,3774,Starlight Theatre,2022-09-15 20:00:00,The Prom,B0915ETH,Musicals,,Broadway
392,392,5485ec6f-7cfb-50fa-97cc-c45b19ec9586,ParkingThe Prom ParkingB0915PTH,3832,Parking,2022-09-15 17:30:00,The Prom Parking,B0915PTH,Musicals,,Broadway
393,393,dc5529fa-df24-5d6f-9024-7980ba5b52af,Broadway DiningThe Prom DiningB0914RWE,3870,Broadway Dining,2022-09-14 18:00:00,The Prom Dining,B0914RWE,Musicals,,Broadway
394,394,3c3cee97-5df1-5e82-9863-c738bee76ef4,Broadway DiningThe Prom DiningB0915RTH,3871,Broadway Dining,2022-09-15 18:00:00,The Prom Dining,B0915RTH,Musicals,,Broadway
395,395,36d932ab-7acb-51a5-9e0a-c54511668749,Broadway DiningThe Prom DiningB0913RTU,3869,Broadway Dining,2022-09-13 18:00:00,The Prom Dining,B0913RTU,Musicals,,Broadway
396,396,16b6836a-d658-5f25-b7ba-5ac49fb4fa39,ParkingThe Prom ParkingB0914PWE,3831,Parking,2022-09-14 17:30:00,The Prom Parking,B0914PWE,Musicals,,Broadway
405,405,202efdf2-b758-5af9-9249-d9ce9c14d335,Starlight TheatreThe PromB0917ESA,3776,Starlight Theatre,2022-09-17 20:00:00,The Prom,B0917ESA,Musicals,,Broadway
406,406,2da2efd4-f340-5549-9c75-e6fa906a1625,Broadway DiningThe Prom DiningB0917RSA,3873,Broadway Dining,2022-09-17 18:00:00,The Prom Dining,B0917RSA,Musicals,,Broadway
408,408,d2df9b2d-f74e-5e7d-98f6-1ac967632765,Stage HouseThe Crown - Live!I1012EWE,4078,Stage House,2022-10-12 19:30:00,The Crown - Live!,I1012EWE,Movies,,Broadway
409,409,67aad700-c4b1-5cc7-b486-d6f6156ab7e0,Broadway DiningThe Prom DiningB0918RSU,3874,Broadway Dining,2022-09-18 18:00:00,The Prom Dining,B0918RSU,Musicals,,Broadway
410,410,bf7c0604-1847-5e6f-811d-debae4aefaf3,ParkingThe Prom ParkingB0918PSU,3835,Parking,2022-09-18 17:30:00,The Prom Parking,B0918PSU,Musicals,,Broadway
411,411,8e61a06d-0366-597c-9bf0-90121a02a493,ParkingThe Prom ParkingB0917PSA,3834,Parking,2022-09-17 17:30:00,The Prom Parking,B0917PSA,Musicals,,Broadway
412,412,a0bc9c89-c4fe-5113-a28d-78f0adb373d4,Stage HouseThe Crown - Live!I1013ETH,4079,Stage House,2022-10-13 19:30:00,The Crown - Live!,I1013ETH,Movies,,Broadway
413,413,9412096e-4882-5ea7-b065-88e4f8763134,Starlight TheatreThe PromB0918ESU,3777,Starlight Theatre,2022-09-18 20:00:00,The Prom,B0918ESU,Musicals,,Broadway
414,414,1ce05a4c-85f0-59fe-bec3-e656bf8c851b,Stage HouseThe Crown - Live!I1011ETU,4077,Stage House,2022-10-11 19:30:00,The Crown - Live!,I1011ETU,Movies,,Broadway
415,415,de819460-aadf-548e-93a2-55fbe3986b55,Timed EntryMonet & Friends AliveM1220TU,4153,Timed Entry,2022-12-20 10:00:00,Monet & Friends Alive,M1220TU,Visual Arts,,Other
417,417,814fe876-fa8e-54f1-88ef-e54e11593296,Timed EntryMonet & Friends AliveM1108TU,4118,Timed Entry,2022-11-08 10:00:00,Monet & Friends Alive,M1108TU,Visual Arts,,Other
418,418,d563e926-7e40-5667-9075-b564e7ff1258,Timed EntryMonet & Friends AliveM1112SA,4122,Timed Entry,2022-11-12 10:00:00,Monet & Friends Alive,M1112SA,Visual Arts,,Other
419,419,4cf541fa-e60a-5aeb-bdda-8dc66756fe23,Timed EntryMonet & Friends AliveM1116WE,4125,Timed Entry,2022-11-16 10:00:00,Monet & Friends Alive,M1116WE,Visual Arts,,Other
420,420,0cfcdf31-629c-5616-8cf5-cd91ac3aec74,Timed EntryMonet & Friends AliveM1117TH,4126,Timed Entry,2022-11-17 10:00:00,Monet & Friends Alive,M1117TH,Visual Arts,,Other
421,421,fd804d7a-9a88-5274-847f-47d049dc174f,Timed EntryMonet & Friends AliveM1120SU,4129,Timed Entry,2022-11-20 10:00:00,Monet & Friends Alive,M1120SU,Visual Arts,,Other
422,422,d76ed868-137e-57f3-9550-4ea1222cca69,Timed EntryMonet & Friends AliveM1119SA,4128,Timed Entry,2022-11-19 10:00:00,Monet & Friends Alive,M1119SA,Visual Arts,,Other
423,423,3554fd34-d931-5da6-9fd1-069ac66c22b7,Timed EntryMonet & Friends AliveM1126SA,4133,Timed Entry,2022-11-26 10:00:00,Monet & Friends Alive,M1126SA,Visual Arts,,Other
424,424,a44f6f97-14e7-529c-b66f-813b17b52611,Timed EntryMonet & Friends AliveM1207WE,4142,Timed Entry,2022-12-07 10:00:00,Monet & Friends Alive,M1207WE,Visual Arts,,Other
425,425,93c28413-6a3e-514b-881d-56ef4d473deb,Timed EntryMonet & Friends AliveM1208TH,4143,Timed Entry,2022-12-08 10:00:00,Monet & Friends Alive,M1208TH,Visual Arts,,Other
426,426,9b9e4c71-b718-55da-a57d-a2ae3fc8d2fc,Timed EntryMonet & Friends AliveM1211SU,4146,Timed Entry,2022-12-11 10:00:00,Monet & Friends Alive,M1211SU,Visual Arts,,Other
427,427,97994085-4fe0-55b8-b085-72cf8fcf3eae,Stage HouseThe Crown - Live!I1015ESA,4082,Stage House,2022-10-15 19:30:00,The Crown - Live!,I1015ESA,Movies,,Broadway
428,428,368247ab-f177-5e2d-b625-e623d705d280,Timed EntryMonet & Friends AliveM1101TU,4112,Timed Entry,2022-11-01 10:00:00,Monet & Friends Alive,M1101TU,Visual Arts,,Other
429,429,a1215a13-1806-5f04-88c7-4ed33616dee0,Timed EntryMonet & Friends AliveM1113SU,4123,Timed Entry,2022-11-13 10:00:00,Monet & Friends Alive,M1113SU,Visual Arts,,Other
430,430,e5d2bb82-bf6b-5a92-9292-eee363401efc,Timed EntryMonet & Friends AliveM1123WE,4131,Timed Entry,2022-11-23 10:00:00,Monet & Friends Alive,M1123WE,Visual Arts,,Other
431,431,afdf6a01-278e-5053-8c02-7068aa641eb6,Timed EntryMonet & Friends AliveM1203SA,4139,Timed Entry,2022-12-03 10:00:00,Monet & Friends Alive,M1203SA,Visual Arts,,Other
432,432,5ce1073c-9d80-5cca-bd46-79e9f6c06f37,Timed EntryMonet & Friends AliveM1105SA,4116,Timed Entry,2022-11-05 10:00:00,Monet & Friends Alive,M1105SA,Visual Arts,,Other
433,433,d2eda11d-54bc-5f87-894d-2488734c8399,Timed EntryMonet & Friends AliveM1115TU,4124,Timed Entry,2022-11-15 10:00:00,Monet & Friends Alive,M1115TU,Visual Arts,,Other
434,434,d9d60e1a-9002-517c-86b7-18bc3f676af0,Timed EntryMonet & Friends AliveM1127SU,4134,Timed Entry,2022-11-27 10:00:00,Monet & Friends Alive,M1127SU,Visual Arts,,Other
435,435,6423d9e4-780a-54e1-958c-014d25c4ce21,Stage HouseThe Crown - Live!I1015ASA,4081,Stage House,2022-10-15 14:00:00,The Crown - Live!,I1015ASA,Movies,,Broadway
436,436,4e5c4cf9-92bb-5b6a-9d66-896ea73f6696,Timed EntryMonet & Friends AliveM1210SA,4145,Timed Entry,2022-12-10 10:00:00,Monet & Friends Alive,M1210SA,Visual Arts,,Other
437,437,b70a1dad-c8dc-527d-b861-18292a1a4c0b,Timed EntryMonet & Friends AliveM1103TH,4114,Timed Entry,2022-11-03 10:00:00,Monet & Friends Alive,M1103TH,Visual Arts,,Other
438,438,04f15135-c7c8-54fd-998c-d9e21d295759,Timed EntryMonet & Friends AliveM1214WE,4148,Timed Entry,2022-12-14 10:00:00,Monet & Friends Alive,M1214WE,Visual Arts,,Other
439,439,2f2a0dc7-2357-5c38-9d32-5ff55af4731e,Timed EntryMonet & Friends AliveM1102WE,4113,Timed Entry,2022-11-02 10:00:00,Monet & Friends Alive,M1102WE,Visual Arts,,Other
440,440,da616f41-3e61-5fff-adee-541241c8f2e1,Timed EntryMonet & Friends AliveM1218SU,4152,Timed Entry,2022-12-18 10:00:00,Monet & Friends Alive,M1218SU,Visual Arts,,Other
441,441,33bfd3cc-3384-5b4a-a832-327ac6425fb4,Timed EntryMonet & Friends AliveM1109WE,4119,Timed Entry,2022-11-09 10:00:00,Monet & Friends Alive,M1109WE,Visual Arts,,Other
442,442,d9df2a25-a8e9-5efb-aec7-e59857d7cd58,Timed EntryMonet & Friends AliveM1217SA,4151,Timed Entry,2022-12-17 10:00:00,Monet & Friends Alive,M1217SA,Visual Arts,,Other
443,443,7d8854f7-1394-50c0-88ad-952d6f4a453b,Timed EntryMonet & Friends AliveM1106SU,4117,Timed Entry,2022-11-06 10:00:00,Monet & Friends Alive,M1106SU,Visual Arts,,Other
444,444,097a45ef-130a-58e8-a765-4adb7b02286e,Timed EntryMonet & Friends AliveM1221WE,4154,Timed Entry,2022-12-21 10:00:00,Monet & Friends Alive,M1221WE,Visual Arts,,Other
445,445,dfa3379f-a913-51a5-a2ad-050c37d9bb5d,Timed EntryMonet & Friends AliveM1122TU,4130,Timed Entry,2022-11-22 10:00:00,Monet & Friends Alive,M1122TU,Visual Arts,,Other
446,446,7ace8848-dd8e-5934-b261-df2942d96313,Timed EntryMonet & Friends AliveM1129TU,4135,Timed Entry,2022-11-29 10:00:00,Monet & Friends Alive,M1129TU,Visual Arts,,Other
447,447,dfd05a4d-9cbb-5605-83ae-ec9280bf6312,Timed EntryMonet & Friends AliveM1201TH,4137,Timed Entry,2022-12-01 10:00:00,Monet & Friends Alive,M1201TH,Visual Arts,,Other
448,448,353f804b-dd98-5659-a4c7-ce908f6b5eca,Timed EntryMonet & Friends AliveM1130WE,4136,Timed Entry,2022-11-30 10:00:00,Monet & Friends Alive,M1130WE,Visual Arts,,Other
449,449,107cd95e-5d50-59bc-b852-3c7b6cee0615,Timed EntryMonet & Friends AliveM1204SU,4140,Timed Entry,2022-12-04 10:00:00,Monet & Friends Alive,M1204SU,Visual Arts,,Other
450,450,1d24152e-9e92-5a18-9e25-e4403665d834,Timed EntryMonet & Friends AliveM1206TU,4141,Timed Entry,2022-12-06 10:00:00,Monet & Friends Alive,M1206TU,Visual Arts,,Other
453,453,1a025a53-c04b-5706-b5b4-e1c42c7dbd36,Timed EntryMonet & Friends AliveM1228WE,4160,Timed Entry,2022-12-28 10:00:00,Monet & Friends Alive,M1228WE,Visual Arts,,Other
454,454,603e2797-d8c9-5da3-8ee5-ed773487c5eb,Timed EntryMonet & Friends AliveM1227TU,4159,Timed Entry,2022-12-27 10:00:00,Monet & Friends Alive,M1227TU,Visual Arts,,Other
455,455,4a62065b-6ecd-534e-a2e8-51f5af0f098b,Timed EntryMonet & Friends AliveM1226MO,4158,Timed Entry,2022-12-26 10:00:00,Monet & Friends Alive,M1226MO,Visual Arts,,Other
456,456,d8789d24-fcd3-532c-8e25-6e5bb001223f,Timed EntryMonet & Friends AliveM1229TH,4161,Timed Entry,2022-12-29 10:00:00,Monet & Friends Alive,M1229TH,Visual Arts,,Other
457,457,d338134e-de58-51e7-8dc3-c7871a83f172,Timed EntryMonet & Friends AliveM1231SA,4163,Timed Entry,2022-12-31 10:00:00,Monet & Friends Alive,M1231SA,Visual Arts,,Other
459,459,32aa8fb4-1be9-5eed-ad11-038330c91f39,Timed EntryVan Gogh AliveIJ112WE,3916,Timed Entry,2022-01-12 10:00:00,Van Gogh Alive,IJ112WE,Visual Arts,,Other
460,460,b2ab3d3c-9066-5bf5-9143-7342a666b1c9,Timed EntryVan Gogh AliveIJ102SU,3908,Timed Entry,2022-01-02 10:00:00,Van Gogh Alive,IJ102SU,Visual Arts,,Other
461,461,a191e186-f302-5d07-a82e-0133b6c47950,Timed EntryVan Gogh AliveIJ108SA,3913,Timed Entry,2022-01-08 10:00:00,Van Gogh Alive,IJ108SA,Visual Arts,,Other
462,462,f8ba8a25-7d79-591e-a062-3eef34710382,Timed EntryVan Gogh AliveIJ115SA,3937,Timed Entry,2022-01-15 10:00:00,Van Gogh Alive,IJ115SA,Visual Arts,,Other
463,463,16a9db5b-009d-5451-b9a0-95a29b2c5cbd,Timed EntryVan Gogh AliveIJ118TU,3939,Timed Entry,2022-01-18 10:00:00,Van Gogh Alive,IJ118TU,Visual Arts,,Other
464,464,7ea1f3da-d4da-5bcb-a2cc-3b693ea991ca,Timed EntryVan Gogh AliveIJ104TU,3909,Timed Entry,2022-01-04 10:00:00,Van Gogh Alive,IJ104TU,Visual Arts,,Other
465,465,0677bfc1-5b41-56b5-915b-047504324080,Timed EntryVan Gogh AliveIJ105WE,3910,Timed Entry,2022-01-05 10:00:00,Van Gogh Alive,IJ105WE,Visual Arts,,Other
466,466,4dbb9d37-5524-56f8-bb33-8d4df05d23fa,Timed EntryVan Gogh AliveIJ109SU,3914,Timed Entry,2022-01-09 10:00:00,Van Gogh Alive,IJ109SU,Visual Arts,,Other
468,468,ca3f5f6d-eb71-5eec-b045-5f82f843f8e5,Timed EntryVan Gogh AliveIJ106TH,3911,Timed Entry,2022-01-06 10:00:00,Van Gogh Alive,IJ106TH,Visual Arts,,Other
470,470,b1eb553b-0fb9-5de8-8288-feec173fb28e,Timed EntryVan Gogh AliveIJ116SU,3918,Timed Entry,2022-01-16 10:00:00,Van Gogh Alive,IJ116SU,Visual Arts,,Other
471,471,63a6f9a8-b3cb-5d9a-b7cd-601b62722728,Timed EntryVan Gogh AliveIJ120TH,3941,Timed Entry,2022-01-20 10:00:00,Van Gogh Alive,IJ120TH,Visual Arts,,Other
472,472,edb1af6d-7bb7-556b-bc21-624b26c51024,Timed EntryVan Gogh AliveIJ122SA,3943,Timed Entry,2022-01-22 10:00:00,Van Gogh Alive,IJ122SA,Visual Arts,,Other
473,473,a5ac01a8-f400-5652-bfd8-9652676c6fad,Timed EntryVan Gogh AliveIJ126WE,3946,Timed Entry,2022-01-26 10:00:00,Van Gogh Alive,IJ126WE,Visual Arts,,Other
474,474,e207cccd-e52b-5804-bf42-2858d06b49ab,Timed EntryVan Gogh AliveIJ123SU,3944,Timed Entry,2022-01-23 10:00:00,Van Gogh Alive,IJ123SU,Visual Arts,,Other
475,475,c1e49cb3-c18e-552d-a620-99a098e6e155,Timed EntryVan Gogh AliveIJ127TH,3947,Timed Entry,2022-01-27 10:00:00,Van Gogh Alive,IJ127TH,Visual Arts,,Other
476,476,6c2f6324-ddf0-5f28-a4fb-df8f2cc3c85c,Timed EntryVan Gogh AliveIJ125TU,3945,Timed Entry,2022-01-25 10:00:00,Van Gogh Alive,IJ125TU,Visual Arts,,Other
477,477,f8c29c6b-2f33-568b-a2f5-b7a761873f8d,Timed EntryVan Gogh AliveIJ129SA,3949,Timed Entry,2022-01-29 10:00:00,Van Gogh Alive,IJ129SA,Visual Arts,,Other
486,486,5e03edf7-9b1c-50c7-9020-10285c918591,ParkingWaitress ParkingB0517PTU,3800,Parking,2022-05-17 17:30:00,Waitress Parking,B0517PTU,Musicals,,Broadway
487,487,043d2cbe-1568-5b7a-a1d7-c57dee4fc000,ParkingWaitress ParkingB0518PWE,3801,Parking,2022-05-18 17:30:00,Waitress Parking,B0518PWE,Musicals,,Broadway
488,488,435b2c42-728f-50f8-9152-9ae8b7b9cb23,Broadway DiningOklahoma DiningB0513RFR,3836,Broadway Dining,2022-05-13 18:00:00,Oklahoma Dining,B0513RFR,Musicals,,Broadway
489,489,d5664975-2ce8-5eb0-808b-2378a6c6016e,Starlight TheatreOklahomaB0514ESA,3737,Starlight Theatre,2022-05-14 20:00:00,Oklahoma,B0514ESA,Musicals,,Broadway
491,491,9aa0a2d6-893c-54fb-a3dd-082fb994a6d1,Starlight TheatreWaitressB0518EWE,3741,Starlight Theatre,2022-05-18 20:00:00,Waitress,B0518EWE,Musicals,,Broadway
493,493,fc9b3899-921c-59ed-9da6-261fdf452a48,Broadway DiningOklahoma DiningB0515RSU,3838,Broadway Dining,2022-05-15 18:00:00,Oklahoma Dining,B0515RSU,Musicals,,Broadway
494,494,d6b43ed9-12df-5e25-a739-67d5072cbb0e,Broadway DiningWaitress DiningB0519RTH,3841,Broadway Dining,2022-05-19 18:00:00,Waitress Dining,B0519RTH,Musicals,,Broadway
495,495,52e7cf50-50c2-528f-9be5-00fc994e0455,Broadway DiningOklahoma DiningB0514RSA,3837,Broadway Dining,2022-05-14 18:00:00,Oklahoma Dining,B0514RSA,Musicals,,Broadway
496,496,32c91083-93fb-5abd-94e0-7c971615daec,Starlight TheatreWaitressB0517ETU,3740,Starlight Theatre,2022-05-17 20:00:00,Waitress,B0517ETU,Musicals,,Broadway
497,497,92c66afe-3846-52d2-8b3b-deb91008c6a8,Broadway DiningWaitress DiningB0518RWE,3840,Broadway Dining,2022-05-18 18:00:00,Waitress Dining,B0518RWE,Musicals,,Broadway
499,499,45b8e7c3-d83c-5a9d-9d8f-e054d5b6f30a,Broadway DiningWaitress DiningB0517RTU,3839,Broadway Dining,2022-05-17 18:00:00,Waitress Dining,B0517RTU,Musicals,,Broadway
500,500,c0da213e-635a-5b19-9e07-6a201fd0b73c,Starlight TheatreOklahomaB0515ESU,3739,Starlight Theatre,2022-05-15 20:00:00,Oklahoma,B0515ESU,Musicals,,Broadway
501,501,f3461689-02b7-5b3e-b3e7-c4006110282b,ParkingOklahoma ParkingB0514PSA,3798,Parking,2022-05-14 17:30:00,Oklahoma Parking,B0514PSA,Musicals,,Broadway
502,502,326f844b-e51b-5748-8e24-4a65b9423920,ParkingOklahoma ParkingB0515PSU,3799,Parking,2022-05-15 17:30:00,Oklahoma Parking,B0515PSU,Musicals,,Broadway
504,504,acc9d1a2-d2f6-526c-9b43-325483a45eab,ParkingWaitress ParkingB0521PSA,3802,Parking,2022-05-21 17:30:00,Waitress Parking,B0521PSA,Musicals,,Broadway
505,505,c8745f9a-9462-5a06-b285-a610982efc1d,Broadway DiningWaitress DiningB0521RSA,3843,Broadway Dining,2022-05-21 18:00:00,Waitress Dining,B0521RSA,Musicals,,Broadway
506,506,2337a864-1be4-5a51-8ca8-ad5e0f2b9f35,Broadway DiningWaitress DiningB0522RSU,3844,Broadway Dining,2022-05-22 18:00:00,Waitress Dining,B0522RSU,Musicals,,Broadway
507,507,84420ff4-5416-5350-8268-4eb05370df52,Starlight TheatreWaitressB0522ESU,3745,Starlight Theatre,2022-05-22 20:00:00,Waitress,B0522ESU,Musicals,,Broadway
508,508,be037701-5917-5f4f-94df-470086c928e9,ParkingWaitress ParkingB0522PSU,3805,Parking,2022-05-22 17:30:00,Waitress Parking,B0522PSU,Musicals,,Broadway
509,509,6adab4fc-16c9-592d-87d1-6cb4f4f931bb,Starlight TheatreWaitressB0521ESA,3742,Starlight Theatre,2022-05-21 20:00:00,Waitress,B0521ESA,Musicals,,Broadway
518,518,9d89c779-3551-54be-83eb-f16bed99743e,Broadway DiningHairspray DiningB0608RWE,3846,Broadway Dining,2022-06-08 18:00:00,Hairspray Dining,B0608RWE,Musicals,,Broadway
520,520,94277fe0-4feb-5007-bbe0-9d699cf6b52a,Starlight TheatreHairsprayB0607ETU,3754,Starlight Theatre,2022-06-07 20:00:00,Hairspray,B0607ETU,Musicals,,Broadway
521,521,a56739b7-a467-5068-83e9-e25505a82759,ParkingHairspray ParkingB0609PTH,3808,Parking,2022-06-09 17:30:00,Hairspray Parking,B0609PTH,Musicals,,Broadway
522,522,1add967e-a9cb-5ce1-8f7e-d7f40c8751fb,ParkingHairspray ParkingB0608PWE,3807,Parking,2022-06-08 17:30:00,Hairspray Parking,B0608PWE,Musicals,,Broadway
523,523,728567e5-a9cb-5fd7-9a4a-17959b4578e9,Broadway DiningHairspray DiningB0609RTH,3847,Broadway Dining,2022-06-09 18:00:00,Hairspray Dining,B0609RTH,Musicals,,Broadway
529,529,a5448998-ea86-5c7a-8292-175340334599,Starlight TheatreHairsprayB0609ETH,3756,Starlight Theatre,2022-06-09 20:00:00,Hairspray,B0609ETH,Musicals,,Broadway
530,530,08f8af73-6fce-5787-afc6-e08213f9c8ce,Starlight TheatreHairsprayB0608EWE,3755,Starlight Theatre,2022-06-08 20:00:00,Hairspray,B0608EWE,Musicals,,Broadway
531,531,2f8bb224-e772-5e8c-a2b2-451b4e9821ce,ParkingHairspray ParkingB0607PTU,3806,Parking,2022-06-07 17:30:00,Hairspray Parking,B0607PTU,Musicals,,Broadway
535,535,72c26965-fc27-5ceb-b93b-0dc14bddd1a5,Broadway DiningJagged Little Pill - DiningB0805RSA,4289,Broadway Dining,2023-08-05 13:00:00,Jagged Little Pill - Dining,B0805RSA,Musicals,,Broadway
536,536,05989147-e5a9-5c3e-bd40-3de42475561e,Starlight TheatreJagged Little PillB0805ESA,4202,Starlight Theatre,2023-08-05 15:00:00,Jagged Little Pill,B0805ESA,Musicals,,Broadway
537,537,2944b458-de43-5224-9e71-c6733d59c20d,Broadway DiningJagged Little Pill - DiningB0806RSU,4290,Broadway Dining,2023-08-06 13:00:00,Jagged Little Pill - Dining,B0806RSU,Musicals,,Broadway
538,538,0fbf72a3-cba3-592c-aab6-22e94ae2e0b8,ParkingPrem Park-Jagged Little PillB0806PSU,4246,Parking,2023-08-06 12:30:00,Prem Park-Jagged Little Pill,B0806PSU,Musicals,,Broadway
541,541,c771bc77-869e-5bdf-a2d7-d5e38970108d,ParkingPrem Park-Jagged Little PillB0805PSA,4245,Parking,2023-08-05 12:30:00,Prem Park-Jagged Little Pill,B0805PSA,Musicals,,Broadway
542,542,ae52527c-ceb6-5aef-be6f-2d149e143ab1,Starlight TheatreJagged Little PillB0806ESU,4203,Starlight Theatre,2023-08-06 15:00:00,Jagged Little Pill,B0806ESU,Musicals,,Broadway
559,559,6169710c-154a-50d0-8e47-b30e0d7accbd,Starlight TheatreJesus Christ SuperstarB0620ETU,4177,Starlight Theatre,2023-06-20 15:00:00,Jesus Christ Superstar,B0620ETU,Musicals,,Broadway
571,571,7d031b42-51fe-5c80-8640-6bbcd0cdc3a0,Broadway DiningApplause Club Little MermaidB0710RWE,4587,Broadway Dining,2024-07-10 13:30:00,Applause Club Little Mermaid,B0710RWE,Musicals,,Broadway
572,572,5862074f-ad85-5ad9-b057-678346e5bed5,Broadway DiningApplause Club West Side StoryB0821RWE,4602,Broadway Dining,2024-08-21 13:30:00,Applause Club West Side Story,B0821RWE,Musicals,,Broadway
573,573,cfbd0c03-4570-562f-ab00-ae8a5a599139,Broadway DiningApplause Club Come From AwayB0807RWE,4596,Broadway Dining,2024-08-07 13:30:00,Applause Club Come From Away,B0807RWE,Musicals,,Broadway
574,574,f9410edc-1d81-58a6-b5fd-97583f887ad5,Broadway DiningApplause Club Peter PanB0918RWE,4608,Broadway Dining,2024-09-18 13:30:00,Applause Club Peter Pan,B0918RWE,Musicals,,Broadway
581,581,ac1bae0e-8e2a-50c6-8391-3b2987c97831,Broadway DiningHairspray DiningB0612RSU,3850,Broadway Dining,2022-06-12 18:00:00,Hairspray Dining,B0612RSU,Musicals,,Broadway
582,582,2067b3b7-672a-5f30-b8e7-adc3fb88b591,ParkingHairspray ParkingB0611PSA,3810,Parking,2022-06-11 17:30:00,Hairspray Parking,B0611PSA,Musicals,,Broadway
583,583,86fff556-60c5-5099-8874-bcf38c0a4512,Starlight TheatreHairsprayB0612ESU,3759,Starlight Theatre,2022-06-12 20:00:00,Hairspray,B0612ESU,Musicals,,Broadway
584,584,8179f958-a5f2-5716-995e-f6ffcc2a0899,Starlight TheatreHairsprayB0611ESA,3758,Starlight Theatre,2022-06-11 20:00:00,Hairspray,B0611ESA,Musicals,,Broadway
589,589,bbc2d9ac-08c4-5922-9f92-f7b335b5edf8,ParkingHairspray ParkingB0612PSU,3811,Parking,2022-06-12 17:30:00,Hairspray Parking,B0612PSU,Musicals,,Broadway
592,592,573cea23-1c63-52a9-835f-28cf26dbf92e,Broadway DiningHairspray DiningB0611RSA,3849,Broadway Dining,2022-06-11 18:00:00,Hairspray Dining,B0611RSA,Musicals,,Broadway
593,593,f54eecea-e5d3-5534-a064-e2f907bc76b8,Broadway DiningHairspray DiningB0607RTU,3845,Broadway Dining,2022-06-07 18:00:00,Hairspray Dining,B0607RTU,Musicals,,Broadway
594,594,be9e29bd-c177-5d6c-93d1-7dc5afbbbf2e,Broadway DiningApplause Club Peter PanB0920RFR,4610,Broadway Dining,2024-09-20 13:30:00,Applause Club Peter Pan,B0920RFR,Musicals,,Broadway
595,595,7cc0c46b-8f09-5bda-ba44-4fbd883a5164,Broadway DiningApplause Club Little MermaidB0712RFR,4589,Broadway Dining,2024-07-12 13:30:00,Applause Club Little Mermaid,B0712RFR,Musicals,,Broadway
596,596,ac0351f7-4d27-5c6f-b141-f60bec9396b5,Broadway DiningApplause Club Cher ShowB0531RFR,4580,Broadway Dining,2024-05-31 13:30:00,Applause Club Cher Show,B0531RFR,Musicals,,Broadway
597,597,b05a33f5-7674-524e-b9a1-63dfd3245da0,Broadway DiningApplause Club Come From AwayB0806RTU,4595,Broadway Dining,2024-08-06 13:30:00,Applause Club Come From Away,B0806RTU,Musicals,,Broadway
598,598,88f00bb5-48f0-5b53-b7a8-3686ed2be8c1,Broadway DiningApplause Club Little MermaidB0709RTU,4586,Broadway Dining,2024-07-09 13:30:00,Applause Club Little Mermaid,B0709RTU,Musicals,,Broadway
599,599,09b4bc70-4cac-5c0e-848d-a80eb3f9d319,Starlight Theatre2023 Premium SeatsPSS1,4316,Starlight Theatre,2023-10-31 15:00:00,2023 Premium Seats,PSS1,Uncategorized,,Concert
603,603,cb8ff31e-5903-5389-abf2-42627d10edb4,Broadway DiningApplause Club West Side StoryB0824RSA,4606,Broadway Dining,2024-08-24 13:30:00,Applause Club West Side Story,B0824RSA,Musicals,,Broadway
604,604,1581cb3b-7e39-5a75-9ef4-60bf022d0e3b,Broadway DiningApplause Club Little MermaidB0713RSA,4590,Broadway Dining,2024-07-13 13:30:00,Applause Club Little Mermaid,B0713RSA,Musicals,,Broadway
606,606,e41dc98a-a5e3-5a35-a44e-ef89c572a78f,Broadway DiningApplause Club Come From AwayB0810RSA,4599,Broadway Dining,2024-08-10 13:30:00,Applause Club Come From Away,B0810RSA,Musicals,,Broadway
610,610,a32af461-15a5-56b8-ab69-a62f83ec6766,Broadway DiningApplause Club StompB0615RSA,4584,Broadway Dining,2024-06-15 13:30:00,Applause Club Stomp,B0615RSA,Chamber Music,,Concert
612,612,42924503-b3b4-5f03-a1cf-27f8e75977a4,Broadway DiningApplause Club Peter PanB0921RSA,4611,Broadway Dining,2024-09-21 13:30:00,Applause Club Peter Pan,B0921RSA,Musicals,,Broadway
613,613,536e0fb5-9860-5903-8086-cf35bd290629,Broadway DiningApplause Club Cher ShowB0601RSA,4581,Broadway Dining,2024-06-01 13:30:00,Applause Club Cher Show,B0601RSA,Musicals,,Broadway
614,614,3fa0b6ee-40b5-5433-96a6-b31b9bb91cc3,Broadway DiningApplause Club Come From AwayB0809RFR,4598,Broadway Dining,2024-08-09 13:30:00,Applause Club Come From Away,B0809RFR,Musicals,,Broadway
615,615,4373a052-8deb-5700-9be1-dbb63cff6530,Broadway DiningApplause Club West Side StoryB0823RFR,4604,Broadway Dining,2024-08-23 13:30:00,Applause Club West Side Story,B0823RFR,Musicals,,Broadway
621,621,64228205-71b3-551e-b0bf-491a1898ab37,Broadway DiningApplause Club West Side StoryB0820RTU,4601,Broadway Dining,2024-08-20 13:30:00,Applause Club West Side Story,B0820RTU,Musicals,,Broadway
622,622,c89694c3-5428-51bd-baf9-dff890391284,Broadway DiningApplause Club Peter PanB0917RTU,4607,Broadway Dining,2024-09-17 13:30:00,Applause Club Peter Pan,B0917RTU,Musicals,,Broadway
624,624,87de71ba-f85c-593b-a520-dfcae9feaf5d,Broadway DiningApplause Club Cher ShowB0528RTU,4577,Broadway Dining,2024-05-28 13:30:00,Applause Club Cher Show,B0528RTU,Musicals,,Broadway
626,626,b2adcfb0-1690-58bf-a1eb-8cde14fda31a,Broadway DiningApplause Club Peter PanB0919RTH,4609,Broadway Dining,2024-09-19 13:30:00,Applause Club Peter Pan,B0919RTH,Musicals,,Broadway
627,627,565c382a-e0dd-52d9-a375-263823133a69,Broadway DiningApplause Club West Side StoryB0822RTH,4603,Broadway Dining,2024-08-22 13:30:00,Applause Club West Side Story,B0822RTH,Musicals,,Broadway
628,628,ff071283-9675-510d-9a9e-862a9598a529,Broadway DiningApplause Club Cher ShowB0602RSU,4582,Broadway Dining,2024-06-02 13:30:00,Applause Club Cher Show,B0602RSU,Musicals,,Broadway
629,629,01c2d436-f606-5b8a-bdae-7d85ac04b31f,Broadway DiningApplause Club Peter PanB0922RSU,4612,Broadway Dining,2024-09-22 13:30:00,Applause Club Peter Pan,B0922RSU,Musicals,,Broadway
630,630,84f2bb03-69dd-5083-846c-15f4723c8e62,Broadway DiningApplause Club West Side StoryB0825RSU,4605,Broadway Dining,2024-08-25 13:30:00,Applause Club West Side Story,B0825RSU,Musicals,,Broadway
632,632,aab4c8e9-8b51-5ebd-8dd7-5ae6028e2f2f,Starlight TheatreShrek the MusicalB0727ESA,4520,Starlight Theatre,2024-07-27 15:00:00,Shrek the Musical,B0727ESA,Musicals,,Broadway
633,633,46c734a7-660d-5023-9977-1b51501686a3,ParkingPremium Parking StompB0616PSU,4548,Parking,2024-06-16 12:30:00,Premium Parking Stomp,B0616PSU,Chamber Music,,Concert
634,634,2e3aa8eb-4766-59ad-a3cd-aa958860bec3,Starlight TheatreThe Cher ShowB0602ESU,4509,Starlight Theatre,2024-06-02 15:00:00,The Cher Show,B0602ESU,Musicals,,Broadway
635,635,0122e9c2-2e24-53f2-944c-ef5bb3df6eb1,Starlight TheatreShrek the MusicalB0728ESU,4521,Starlight Theatre,2024-07-28 15:00:00,Shrek the Musical,B0728ESU,Musicals,,Broadway
637,637,c6964364-0e8f-531e-b73b-9eb07a5ee350,Starlight TheatreDisney's The Little MermaidB0713ESA,4517,Starlight Theatre,2024-07-13 15:00:00,Disney's The Little Mermaid,B0713ESA,Musicals,,Broadway
638,638,56a785de-3683-55b2-bf67-3bd59c9e5365,Starlight TheatreDisney's The Little MermaidB0712EFR,4516,Starlight Theatre,2024-07-12 15:00:00,Disney's The Little Mermaid,B0712EFR,Musicals,,Broadway
639,639,36f60afb-c7cc-5ad0-893c-e5545244d407,Starlight TheatreThe Cher ShowB0601ESA,4506,Starlight Theatre,2024-06-01 15:00:00,The Cher Show,B0601ESA,Musicals,,Broadway
640,640,cac402b5-37fe-5667-9151-5b025c9cd8d6,ParkingPremium Parking ShrekB0727PSA,4557,Parking,2024-07-27 12:30:00,Premium Parking Shrek,B0727PSA,Musicals,,Broadway
641,641,1c3b2683-d317-5266-be2b-63c17715bc56,ParkingPremium Parking ShrekB0728PSU,4558,Parking,2024-07-28 12:30:00,Premium Parking Shrek,B0728PSU,Musicals,,Broadway
642,642,48540c66-3901-54b8-8903-85ee08c30e7c,Starlight TheatreCome From AwayB0811ESU,4527,Starlight Theatre,2024-08-11 15:00:00,Come From Away,B0811ESU,Musicals,,Broadway
643,643,17a64a73-ae7c-5275-9cf7-ce9bf3687f00,ParkingPremium Parking Little MermaidB0710PWE,4550,Parking,2024-07-10 12:30:00,Premium Parking Little Mermaid,B0710PWE,Musicals,,Broadway
644,644,8dfb90dd-ef51-5a36-9d02-334639fa3f01,Broadway DiningApplause Club StompB0616RSU,4585,Broadway Dining,2024-06-16 13:30:00,Applause Club Stomp,B0616RSU,Chamber Music,,Concert
645,645,81b04cc5-5a21-571a-a722-e5b0a7d0c2e1,Starlight TheatreThe Cher ShowB0528ETU,4504,Starlight Theatre,2024-05-28 15:00:00,The Cher Show,B0528ETU,Musicals,,Broadway
647,647,496f53c6-68a2-5503-9f01-46696c7390d0,ParkingPremium Parking West SideB0823PFR,4568,Parking,2024-08-23 12:30:00,Premium Parking West Side,B0823PFR,Uncategorized,,Concert
649,649,795969b9-ac33-5f59-9360-20215767a051,ParkingPremium Parking Peter PanB0920PFR,4574,Parking,2024-09-20 12:30:00,Premium Parking Peter Pan,B0920PFR,Musicals,,Broadway
650,650,715748de-e6c8-5d98-a70b-1960aff4ee60,Starlight TheatreSTOMPB0616ESU,4512,Starlight Theatre,2024-06-16 15:00:00,STOMP,B0616ESU,Chamber Music,,Concert
651,651,0ded5f31-af4a-5d82-b942-0c6d7b827762,Starlight TheatreDisney's The Little MermaidB0709ETU,4513,Starlight Theatre,2024-07-09 15:00:00,Disney's The Little Mermaid,B0709ETU,Musicals,,Broadway
652,652,790f7682-45fc-500e-a8d6-4859b68b798a,ParkingPremium Parking Little MermaidB0709PTU,4549,Parking,2024-07-09 12:30:00,Premium Parking Little Mermaid,B0709PTU,Musicals,,Broadway
653,653,d0c8173d-3818-59c7-a747-b69fb324029e,ParkingPremium Parking Peter PanB0921PSA,4575,Parking,2024-09-21 12:30:00,Premium Parking Peter Pan,B0921PSA,Musicals,,Broadway
654,654,3ab13267-d2de-5dad-9d08-7bf005860158,Starlight TheatreThe Cher ShowB0531EFR,4507,Starlight Theatre,2024-05-31 15:00:00,The Cher Show,B0531EFR,Musicals,,Broadway
655,655,6c0ba4eb-77a9-55c6-bab9-7cb4685aef49,ParkingPremium Parking Peter PanB0922PSU,4576,Parking,2024-09-22 12:30:00,Premium Parking Peter Pan,B0922PSU,Musicals,,Broadway
656,656,077e1422-82dc-5ce2-8776-705a2b1945f8,Starlight TheatreWest Side StoryB0820ETU,4528,Starlight Theatre,2024-08-20 15:00:00,West Side Story,B0820ETU,Musicals,,Broadway
657,657,8bf952bf-070f-5794-bfab-a859bdfa6cb2,Broadway DiningApplause Club Come From AwayB0811RSU,4600,Broadway Dining,2024-08-11 13:30:00,Applause Club Come From Away,B0811RSU,Musicals,,Broadway
658,658,0546a09d-700b-5b9b-93b8-ac111f5b3f15,Starlight TheatreCome From AwayB0807EWE,4523,Starlight Theatre,2024-08-07 15:00:00,Come From Away,B0807EWE,Musicals,,Broadway
659,659,cf11ba30-9f1e-5cb1-bfe0-e1178afa8446,ParkingPremium Parking Come From AwayB0806PTU,4559,Parking,2024-08-06 12:30:00,Premium Parking Come From Away,B0806PTU,Musicals,,Broadway
660,660,89ead7e0-2579-5bad-b22b-250c62d16cda,ParkingPremium Parking West SideB0821PWE,4566,Parking,2024-08-21 12:30:00,Premium Parking West Side,B0821PWE,Musicals,,Broadway
662,662,3a28b7c9-4dc4-5011-964e-2bc05be4825d,Starlight TheatrePeter PanB0921ESA,4538,Starlight Theatre,2024-09-21 15:00:00,Peter Pan,B0921ESA,Musicals,,Broadway
663,663,21d70b8a-9286-5142-9dbb-e59ae1674f75,Starlight TheatrePeter PanB0918EWE,4535,Starlight Theatre,2024-09-18 15:00:00,Peter Pan,B0918EWE,Musicals,,Broadway
664,664,beb2cd62-eecc-5f16-8b4b-7f90a867eb75,ParkingPremium Parking Come From AwayB0810PSA,4563,Parking,2024-08-10 12:30:00,Premium Parking Come From Away,B0810PSA,Musicals,,Broadway
665,665,670fee6b-93aa-57d0-b36f-24fc23a92de3,Starlight TheatrePeter PanB0919ETH,4536,Starlight Theatre,2024-09-19 15:00:00,Peter Pan,B0919ETH,Musicals,,Broadway
666,666,e8f5be8c-a8bd-57df-8050-53413dec9507,ParkingPremium Parking Little MermaidB0713PSA,4553,Parking,2024-07-13 12:30:00,Premium Parking Little Mermaid,B0713PSA,Musicals,,Broadway
668,668,49e2327b-1345-5771-8afd-bd4f53dbe186,ParkingPremium Parking Come From AwayB0811PSU,4564,Parking,2024-08-11 12:30:00,Premium Parking Come From Away,B0811PSU,Musicals,,Broadway
674,674,fe04dff0-756b-5a89-b6d8-e89a2c41093d,Starlight TheatreWest Side StoryB0821EWE,4529,Starlight Theatre,2024-08-21 15:00:00,West Side Story,B0821EWE,Musicals,,Broadway
676,676,e6a8d5b5-fb97-5eaf-90c8-3399387193b3,Starlight TheatrePeter PanB0920EFR,4537,Starlight Theatre,2024-09-20 15:00:00,Peter Pan,B0920EFR,Musicals,,Broadway
679,679,65e26ee5-edc9-5ffc-ae79-ce85f6ac6c2d,Broadway DiningApplause Club Cher ShowB0529RWE,4578,Broadway Dining,2024-05-29 13:30:00,Applause Club Cher Show,B0529RWE,Musicals,,Broadway
680,680,5a8ae3d1-dde5-5bdc-aba9-c2b27118fb69,Broadway DiningApplause Club ShrekB0728RSU,4594,Broadway Dining,2024-07-28 13:30:00,Applause Club Shrek,B0728RSU,Musicals,,Broadway
681,681,a38e79a0-6166-5fc3-9b94-96c682d2b8c3,ParkingPremium Parking Cher ShowB0530PTH,4542,Parking,2024-05-30 12:30:00,Premium Parking Cher Show,B0530PTH,Musicals,,Broadway
682,682,e3c3a0b7-9b7f-5a6a-9a91-3e22387742f9,ParkingPremium Parking Peter PanB0919PTH,4573,Parking,2024-09-19 12:30:00,Premium Parking Peter Pan,B0919PTH,Musicals,,Broadway
683,683,300d6264-1c63-5dc6-8469-ceb0605a5051,ParkingPremium Parking West SideB0822PTH,4567,Parking,2024-08-22 12:30:00,Premium Parking West Side,B0822PTH,Musicals,,Broadway
684,684,f70a64c8-fe17-5b0e-8e00-46f6527417e1,Broadway DiningApplause Club Little MermaidB0711RTH,4588,Broadway Dining,2024-07-11 13:30:00,Applause Club Little Mermaid,B0711RTH,Musicals,,Broadway
685,685,97aa4638-f0c1-5971-a114-e10e8c11738b,Broadway DiningApplause Club Cher ShowB0530RTH,4579,Broadway Dining,2024-05-30 13:30:00,Applause Club Cher Show,B0530RTH,Musicals,,Broadway
687,687,6ff67ab8-d140-50ea-ad71-bebe33b14a62,Starlight TheatreCome From AwayB0808ETH,4524,Starlight Theatre,2024-08-08 15:00:00,Come From Away,B0808ETH,Musicals,,Broadway
689,689,a4cb8013-63a9-58b7-9950-d997a8a87f02,Starlight TheatreCome From AwayB0809EFR,4525,Starlight Theatre,2024-08-09 15:00:00,Come From Away,B0809EFR,Musicals,,Broadway
690,690,84dd6cd9-ae48-5deb-a8fc-ee1be82b8660,ParkingPremium Parking StompB0614PFR,4546,Parking,2024-06-14 12:30:00,Premium Parking Stomp,B0614PFR,Chamber Music,,Concert
691,691,86d6cf51-d8b1-5f1a-9f94-06d3b76d2c2f,ParkingPremium Parking ShrekB0726PFR,4556,Parking,2024-07-26 12:30:00,Premium Parking Shrek,B0726PFR,Musicals,,Broadway
692,692,9c785d07-3652-5462-8b60-5fc57f11dae2,Starlight TheatreCome From AwayB0806ETU,4522,Starlight Theatre,2024-08-06 15:00:00,Come From Away,B0806ETU,Musicals,,Broadway
693,693,5acccd5a-68fc-5021-9d7b-0e5923a07856,ParkingPremium Parking West SideB0820PTU,4565,Parking,2024-08-20 12:30:00,Premium Parking West Side,B0820PTU,Musicals,,Broadway
694,694,6f08ced7-212a-54d5-b575-3a0533fdc8d3,ParkingPremium Parking Come From AwayB0807PWE,4560,Parking,2024-08-07 12:30:00,Premium Parking Come From Away,B0807PWE,Musicals,,Broadway
695,695,60a49fd3-00c7-5d2d-90dc-8b5b392e324a,Starlight TheatreDisney's The Little MermaidB0710EWE,4514,Starlight Theatre,2024-07-10 15:00:00,Disney's The Little Mermaid,B0710EWE,Musicals,,Broadway
696,696,d1d3eea9-a292-53fb-85bc-860baf9bd78d,Starlight TheatreWest Side StoryB0824ESA,4532,Starlight Theatre,2024-08-24 15:00:00,West Side Story,B0824ESA,Musicals,,Broadway
697,697,af6e929e-4985-527d-9268-b0b1eca62708,ParkingPremium Parking Little MermaidB0712PFR,4552,Parking,2024-07-12 12:30:00,Premium Parking Little Mermaid,B0712PFR,Musicals,,Broadway
698,698,0f94e6b4-9d41-5839-acf1-cd2844d22910,ParkingPremium Parking Cher ShowB0531PFR,4543,Parking,2024-05-31 12:30:00,Premium Parking Cher Show,B0531PFR,Musicals,,Broadway
699,699,5f8e2254-a72c-51ae-989d-7e7441ac757c,Starlight TheatrePeter PanB0922ESU,4539,Starlight Theatre,2024-09-22 15:00:00,Peter Pan,B0922ESU,Musicals,,Broadway
701,701,28b32b46-6e5a-5a78-bfe2-93f24905a1d7,Starlight TheatreWest Side StoryB0823EFR,4531,Starlight Theatre,2024-08-23 15:00:00,West Side Story,B0823EFR,Musicals,,Broadway
703,703,d411571c-c6ed-5042-8456-07cb983bbcd3,Broadway DiningApplause Club ShrekB0727RSA,4593,Broadway Dining,2024-07-27 13:30:00,Applause Club Shrek,B0727RSA,Musicals,,Broadway
704,704,04696b92-4c21-5a62-900e-d8ededaff83b,ParkingPremium Parking Little MermaidB0714PSU,4554,Parking,2024-07-14 12:30:00,Premium Parking Little Mermaid,B0714PSU,Musicals,,Broadway
705,705,f972dca8-dd08-5a81-9c8b-32a5a4381fee,Starlight TheatreWest Side StoryB0825ESU,4533,Starlight Theatre,2024-08-25 15:00:00,West Side Story,B0825ESU,Musicals,,Broadway
709,709,434542de-5f61-55a2-972e-b77c4e2b3a61,Starlight Theatre2024 Premium SeatsPSS24,4635,Starlight Theatre,2024-10-31 15:00:00,2024 Premium Seats,PSS24,Uncategorized,,Concert
710,710,0e63ca5f-fe6d-5f61-babc-11ba77e62bd3,Starlight TheatrePeter PanB0917ETU,4534,Starlight Theatre,2024-09-17 15:00:00,Peter Pan,B0917ETU,Musicals,,Broadway
711,711,18e4d7ca-9a12-56eb-91fd-f24acd475edf,Starlight TheatreDisney's The Little MermaidB0711ETH,4515,Starlight Theatre,2024-07-11 15:00:00,Disney's The Little Mermaid,B0711ETH,Musicals,,Broadway
712,712,1a1816f6-c5bb-5441-af79-fc96a60c6e26,Starlight TheatreWest Side StoryB0822ETH,4530,Starlight Theatre,2024-08-22 15:00:00,West Side Story,B0822ETH,Musicals,,Broadway
713,713,2617e023-b2b7-5d62-8376-56e0d4ed2acf,Broadway DiningApplause Club Come From AwayB0808RTH,4597,Broadway Dining,2024-08-08 13:30:00,Applause Club Come From Away,B0808RTH,Musicals,,Broadway
715,715,0e3ea20c-18d0-58f7-979f-050d6e5f8b5a,Broadway DiningApplause Club Little MermaidB0714RSU,4591,Broadway Dining,2024-07-14 13:30:00,Applause Club Little Mermaid,B0714RSU,Musicals,,Broadway
719,719,e1218af5-03b4-57e3-b9a6-2584e241bf18,Starlight TheatreThe Cher ShowB0529EWE,4505,Starlight Theatre,2024-05-29 15:00:00,The Cher Show,B0529EWE,Musicals,,Broadway
720,720,5c03e8db-d99f-5a43-bd6f-b3769fe7595a,Starlight TheatreSTOMPB0615ESA,4510,Starlight Theatre,2024-06-15 15:00:00,STOMP,B0615ESA,Chamber Music,,Concert
721,721,f6cd3fbe-4bc2-50cf-98a2-d5e3ca5a55d5,ParkingPremium Parking StompB0615PSA,4547,Parking,2024-06-15 12:30:00,Premium Parking Stomp,B0615PSA,Chamber Music,,Concert
722,722,d11bab66-ecb5-5689-a26a-2295c245bac4,Starlight TheatreShrek the MusicalB0726EFR,4519,Starlight Theatre,2024-07-26 15:00:00,Shrek the Musical,B0726EFR,Musicals,,Broadway
723,723,c74895a3-d629-5a9c-9dda-007bc2d7de84,ParkingPremium Parking Peter PanB0917PTU,4571,Parking,2024-09-17 12:30:00,Premium Parking Peter Pan,B0917PTU,Musicals,,Broadway
724,724,f6556a12-d11c-5e01-99db-0a9334e2d571,ParkingPremium Parking Cher ShowB0528PTU,4540,Parking,2024-05-28 12:30:00,Premium Parking Cher Show,B0528PTU,Musicals,,Broadway
725,725,b089672c-a3c6-5caa-8676-4a5713ae5212,Starlight TheatreCome From AwayB0810ESA,4526,Starlight Theatre,2024-08-10 15:00:00,Come From Away,B0810ESA,Musicals,,Broadway
726,726,cbe53e22-0d41-56d8-b782-493bdf746e7b,ParkingPremium Parking Peter PanB0918PWE,4572,Parking,2024-09-18 12:30:00,Premium Parking Peter Pan,B0918PWE,Musicals,,Broadway
727,727,a4deb3b7-efdb-56a3-8f1c-4a477c6da24b,ParkingPremium Parking Cher ShowB0529PWE,4541,Parking,2024-05-29 12:30:00,Premium Parking Cher Show,B0529PWE,Musicals,,Broadway
728,728,92a0c245-24bf-51f8-b318-64b497ae592a,ParkingPremium Parking Come From AwayB0809PFR,4562,Parking,2024-08-09 12:30:00,Premium Parking Come From Away,B0809PFR,Musicals,,Broadway
729,729,aa8ce02d-a21e-5b72-abfc-cb292a7e9d44,Starlight TheatreDisney's The Little MermaidB0714ESU,4518,Starlight Theatre,2024-07-14 15:00:00,Disney's The Little Mermaid,B0714ESU,Musicals,,Broadway
730,730,dd88dcc1-9a76-5ffd-8cbd-987e7e931b07,ParkingPremium Parking Cher ShowB0601PSA,4544,Parking,2024-06-01 12:30:00,Premium Parking Cher Show,B0601PSA,Musicals,,Broadway
731,731,7db27305-05a9-5484-9d6b-281b5849bf69,ParkingPremium Parking West SideB0824PSA,4569,Parking,2024-08-24 12:30:00,Premium Parking West Side,B0824PSA,Musicals,,Broadway
732,732,e5b66af6-37f0-51d4-8476-e28a757f83e6,ParkingPremium Parking Cher ShowB0602PSU,4545,Parking,2024-06-02 12:30:00,Premium Parking Cher Show,B0602PSU,Musicals,,Broadway
733,733,7cbe06e5-61ad-563a-80bd-84b0fd98246f,ParkingPremium Parking West SideB0825PSU,4570,Parking,2024-08-25 12:30:00,Premium Parking West Side,B0825PSU,Musicals,,Broadway
736,736,4154805f-b82a-5776-ad2d-a71a0499e7bc,Broadway DiningApplause Club ShrekB0726RFR,4592,Broadway Dining,2024-07-26 13:30:00,Applause Club Shrek,B0726RFR,Musicals,,Broadway
737,737,edeaad2c-6f23-5704-ba6a-0aad18f5776f,Broadway DiningApplause Club StompB0614RFR,4583,Broadway Dining,2024-06-14 13:30:00,Applause Club Stomp,B0614RFR,Chamber Music,,Concert
738,738,b95eb164-cb57-5ab3-b637-c8eb00c643ad,ParkingPremium Parking Come From AwayB0808PTH,4561,Parking,2024-08-08 12:30:00,Premium Parking Come From Away,B0808PTH,Musicals,,Broadway
739,739,25db7e45-43ad-514c-8bc6-032a0e155a9a,ParkingPremium Parking Little MermaidB0711PTH,4551,Parking,2024-07-11 12:30:00,Premium Parking Little Mermaid,B0711PTH,Musicals,,Broadway
755,755,18c4af81-4fbf-5840-bb05-043733e7ec6b,ParkingPremium Parking Life of PiB0919PFR,4892,Parking,2025-09-19 17:30:00,Premium Parking Life of Pi,B0919PFR,Movies,,Broadway
757,757,c7c5ddc9-6425-5339-aa06-20806c305c96,ParkingPremium Parking Life of PiB0916PTU,4889,Parking,2025-09-16 17:30:00,Premium Parking Life of Pi,B0916PTU,Movies,,Broadway
758,758,62831238-1b84-5ed8-a98c-2beff23b4ace,Starlight TheatreLife of PiB0919EFR,4856,Starlight Theatre,2025-09-19 20:00:00,Life of Pi,B0919EFR,Movies,,Broadway
759,759,af990001-c96b-54d5-8109-4c51eb949270,Starlight TheatreLife of PiB0916ETU,4853,Starlight Theatre,2025-09-16 20:00:00,Life of Pi,B0916ETU,Movies,,Broadway
760,760,bcf6291a-365d-57d4-b838-723f7086f0c3,ParkingPremium Parking Life of PiB0917PWE,4890,Parking,2025-09-17 17:30:00,Premium Parking Life of Pi,B0917PWE,Movies,,Broadway
761,761,661671e7-97a6-524b-acec-d5e60a090101,Broadway DiningApplause Club Life of PiB0919RFR,4928,Broadway Dining,2025-09-19 18:30:00,Applause Club Life of Pi,B0919RFR,Movies,,Broadway
762,762,d3bc7c1b-0f42-5073-b9c8-497edef0d797,Broadway DiningApplause Club Life of PiB0916RTU,4925,Broadway Dining,2025-09-16 18:30:00,Applause Club Life of Pi,B0916RTU,Movies,,Broadway
763,763,78c2c3a9-a649-5dd2-8c00-6b722a0331de,Starlight TheatreLife of PiB0917EWE,4854,Starlight Theatre,2025-09-17 20:00:00,Life of Pi,B0917EWE,Movies,,Broadway
764,764,6138b85a-d837-5145-a92f-350a7c3f1d4c,Starlight TheatreLife of PiB0918ETH,4855,Starlight Theatre,2025-09-18 20:00:00,Life of Pi,B0918ETH,Movies,,Broadway
765,765,ead6e4c1-d139-5b9a-badb-6ecd09605560,ParkingPremium Parking Life of PiB0918PTH,4891,Parking,2025-09-18 17:30:00,Premium Parking Life of Pi,B0918PTH,Movies,,Broadway
766,766,5b160213-b483-53ab-8e47-b447902ade5b,Broadway DiningApplause Club Life of PiB0917RWE,4926,Broadway Dining,2025-09-17 18:30:00,Applause Club Life of Pi,B0917RWE,Movies,,Broadway
767,767,190d1e8b-9501-5e68-ab16-a1c042871ed6,Broadway DiningApplause Club Life of PiB0918RTH,4927,Broadway Dining,2025-09-18 18:30:00,Applause Club Life of Pi,B0918RTH,Movies,,Broadway
768,768,a9abf84c-e8fe-5b5e-8a32-447cf8cf60e6,Broadway DiningApplause Club Life of PiB0920RSA,4929,Broadway Dining,2025-09-20 18:30:00,Applause Club Life of Pi,B0920RSA,Movies,,Broadway
770,770,b454ee43-76be-5b21-b107-8cefdc43cba2,Broadway DiningApplause Club Life of PiB0921RSU,4930,Broadway Dining,2025-09-21 18:30:00,Applause Club Life of Pi,B0921RSU,Movies,,Broadway
771,771,c3491b18-a2d8-5a2a-95d0-933866b537b9,Starlight TheatreLife of PiB0921ESU,4858,Starlight Theatre,2025-09-21 20:00:00,Life of Pi,B0921ESU,Movies,,Broadway
776,776,3ca3b3a8-caca-52b3-a62f-d62ec76324fe,ParkingPremium Parking Life of PiB0921PSU,4894,Parking,2025-09-21 17:30:00,Premium Parking Life of Pi,B0921PSU,Movies,,Broadway
812,812,04d874ff-16a3-50b5-bbb3-27e54d5dfee2,Stage HouseJourney to OzE1109MSA,4798,Stage House,2024-11-09 5:00:00,Journey to Oz,E1109MSA,Musicals,,Broadway
820,820,5085157a-db81-55af-b9ca-4b69db6b3965,Stage HouseThe Gruffalo's ChildE0301MSA,4805,Stage House,2025-03-01 5:00:00,The Gruffalo's Child,E0301MSA,Movies,,Broadway
831,831,95d689a1-9184-57cc-9cf7-264ae3fb371b,Broadway DiningApplause Club Mean GirlsB0524RSA,4905,Broadway Dining,2025-05-24 13:30:00,Applause Club Mean Girls,B0524RSA,Musicals,,Broadway
834,834,fe4e86d1-b5a3-5229-886c-ab6076aefd27,Starlight TheatreMean GirlsB0524ESA,4833,Starlight Theatre,2025-05-24 15:00:00,Mean Girls,B0524ESA,Musicals,,Broadway
836,836,68be9fef-f356-53ee-b072-2829fbbbf97d,Starlight TheatreSchool of RockB0607ESA,4839,Starlight Theatre,2025-06-07 15:00:00,School of Rock,B0607ESA,Musicals,,Broadway
845,845,67fc0c2d-9b04-5fc6-8e15-89a1dc4397dc,ParkingPremium Parking Mean GirlsB0524PSA,4869,Parking,2025-05-24 12:30:00,Premium Parking Mean Girls,B0524PSA,Musicals,,Broadway
847,847,567a4d1e-ce69-533b-a491-e7ed7a16a5cf,Broadway DiningApplause Club School of RockB0607RSA,4911,Broadway Dining,2025-06-07 13:30:00,Applause Club School of Rock,B0607RSA,Musicals,,Broadway
848,848,4feb8af2-7c42-5748-bc61-882448a66a84,ParkingPremium Parking School of RockB0607PSA,4875,Parking,2025-06-07 12:30:00,Premium Parking School of Rock,B0607PSA,Musicals,,Broadway
850,850,750131d1-fe48-54d8-9a09-826cdade094a,Broadway DiningApplause Club Ain't too ProudB0726RSA,4917,Broadway Dining,2025-07-26 13:30:00,Applause Club Ain't too Proud,B0726RSA,Musicals,,Broadway
852,852,841a8f6e-0fa2-5d16-a6b4-fa5687094c3c,Starlight TheatreAin't Too ProudB0726ESA,4845,Starlight Theatre,2025-07-26 15:00:00,Ain't Too Proud,B0726ESA,Musicals,,Broadway
853,853,add980f5-7c6b-5a8b-b9d1-b31d79438506,ParkingPremium Parking Ain't ProudB0726PSA,4881,Parking,2025-07-26 12:30:00,Premium Parking Ain't Proud,B0726PSA,Musicals,,Broadway
856,856,1a6c5154-4532-5ea0-a632-999deb5eb5de,Starlight TheatreDisney's FrozenB0809ESA,4851,Starlight Theatre,2025-08-09 15:00:00,Disney's Frozen,B0809ESA,Musicals,,Broadway
858,858,b0741673-b5bc-5c71-b1ff-8efe41028f88,ParkingPremium Parking Disneys FrozenB0809PSA,4887,Parking,2025-08-09 12:30:00,Premium Parking Disneys Frozen,B0809PSA,Musicals,,Broadway
859,859,00db0e90-cd55-51fa-a853-4fbdbb81da75,Broadway DiningApplause Club Disney's FrozenB0809RSA,4923,Broadway Dining,2025-08-09 13:30:00,Applause Club Disney's Frozen,B0809RSA,Musicals,,Broadway
860,860,61a807c8-688d-556f-a11a-17996b50be95,ParkingPremium Parking Disney NewsiesB0909PWE,5163,Parking,2026-09-09 12:30:00,Premium Parking Disney Newsies,B0909PWE,Musicals,,Broadway
861,861,8dbbc6ad-1bf2-52ed-a69b-166fe872ef3c,ParkingPremium Parking HadestownB0614PSU,5149,Parking,2026-06-14 12:30:00,Premium Parking Hadestown,B0614PSU,Musicals,,Broadway
862,862,2d3406de-acd0-52c6-9fc1-cd71a820ff8c,ParkingPremium Parking SpamalotB0805PWE,5157,Parking,2026-08-05 12:30:00,Premium Parking Spamalot,B0805PWE,Musicals,,Broadway
863,863,3351151c-3403-535e-8050-7a0159ff5434,ParkingPremium Parking HadestownB0610PWE,5145,Parking,2026-06-10 12:30:00,Premium Parking Hadestown,B0610PWE,Musicals,,Broadway
864,864,7f81bb90-e6d3-5ace-92dd-c1dbb634a145,ParkingPremium Parking SpamalotB0809PSU,5161,Parking,2026-08-09 12:30:00,Premium Parking Spamalot,B0809PSU,Musicals,,Broadway
865,865,0611264f-1f52-5b55-861a-eab794419f18,ParkingPremium Parking Disney NewsiesB0913PSU,5167,Parking,2026-09-13 12:30:00,Premium Parking Disney Newsies,B0913PSU,Musicals,,Broadway
867,867,cb3a1564-62f4-56ea-99d9-993c363928af,ParkingPrem Parking A Beautiful NoiseB0708PWE,5151,Parking,2026-07-08 12:30:00,Prem Parking A Beautiful Noise,B0708PWE,Musicals,,Broadway
868,868,2c7fa9fb-ceec-59ca-af2f-771f3e39ee0e,ParkingPrem Parking A Beautiful NoiseB0712PSU,5155,Parking,2026-07-12 12:30:00,Prem Parking A Beautiful Noise,B0712PSU,Musicals,,Broadway
869,869,5220fdf7-37b7-50fc-bfcb-57a33f6cdf30,Starlight TheatreDisney's NewsiesB0911EFR,5137,Starlight Theatre,2026-09-11 14:30:00,Disney's Newsies,B0911EFR,Musicals,,Broadway
870,870,a6b7548c-b321-5c5a-a2ad-076980ec802b,Broadway DiningApplause Club Beautiful NoiseB0707RTU,5186,Broadway Dining,2026-07-07 13:30:00,Applause Club Beautiful Noise,B0707RTU,Musicals,,Broadway
871,871,a2e30949-f1d1-5411-ae37-3f34bc0f64ab,Broadway DiningApplause Club Disney's NewsiesB0908RTU,5198,Broadway Dining,2026-09-08 13:30:00,Applause Club Disney's Newsies,B0908RTU,Musicals,,Broadway
872,872,b7638241-2f86-5f13-bf15-835070cd38c6,Broadway DiningApplause Club HadestownB0609RTU,5180,Broadway Dining,2026-06-09 13:30:00,Applause Club Hadestown,B0609RTU,Musicals,,Broadway
873,873,d011c9ef-877e-59d7-ae36-bc47ce23b514,Starlight TheatreSpamalotB0805EWE,5129,Starlight Theatre,2026-08-05 15:00:00,Spamalot,B0805EWE,Musicals,,Broadway
874,874,a6b407d1-0a51-55ca-918a-1b6f3de775a0,Starlight TheatreDisney's NewsiesB0909EWE,5135,Starlight Theatre,2026-09-09 14:30:00,Disney's Newsies,B0909EWE,Musicals,,Broadway
875,875,53c820f7-9045-5ad5-916a-7d328a42a0a6,Broadway DiningApplause Club HadestownB0611RTH,5182,Broadway Dining,2026-06-11 13:30:00,Applause Club Hadestown,B0611RTH,Musicals,,Broadway
876,876,9850975c-3dff-5567-9e9b-41dce68e931d,Starlight TheatreSpamalotB0809ESU,5133,Starlight Theatre,2026-08-09 15:00:00,Spamalot,B0809ESU,Musicals,,Broadway
877,877,707fa9c1-6ecd-577e-8ab6-efe3072e53f2,Starlight Theatre2025 Premium SeatsPSS25,4981,Starlight Theatre,2025-10-31 15:00:00,2025 Premium Seats,PSS25,Uncategorized,,Concert
878,878,22292c93-8690-53b4-be8e-2b6758bf10ec,Broadway DiningApplause Club Beautiful NoiseB0710RFR,5189,Broadway Dining,2026-07-10 13:30:00,Applause Club Beautiful Noise,B0710RFR,Musicals,,Broadway
879,879,fba9a077-da85-5dae-9dac-675bfe23c33c,Starlight TheatreSpamalotB0807EFR,5131,Starlight Theatre,2026-08-07 15:00:00,Spamalot,B0807EFR,Musicals,,Broadway
880,880,0a1501da-aff8-541a-9405-b5c1c10c5739,Broadway DiningApplause Club HadestownB0612RFR,5183,Broadway Dining,2026-06-12 13:30:00,Applause Club Hadestown,B0612RFR,Musicals,,Broadway
881,881,dfe57d84-f173-5f0c-b0fc-37410b19c857,Broadway DiningApplause Club SpamalotB0806RTH,5194,Broadway Dining,2026-08-06 13:30:00,Applause Club Spamalot,B0806RTH,Musicals,,Broadway
882,882,b5f1293a-bb14-5b23-a3e2-e3300578a84b,Starlight TheatreDisney's NewsiesB0913ESU,5139,Starlight Theatre,2026-09-13 14:30:00,Disney's Newsies,B0913ESU,Musicals,,Broadway
883,883,0cfe7faa-cc6e-5294-8550-0d4c35656f23,Starlight TheatreHadestownB0614ESU,5121,Starlight Theatre,2026-06-14 15:00:00,Hadestown,B0614ESU,Musicals,,Broadway
884,884,688a9383-c2eb-5d5e-a7eb-5509ef1cb5e9,Broadway DiningApplause Club SpamalotB0807RFR,5195,Broadway Dining,2026-08-07 13:30:00,Applause Club Spamalot,B0807RFR,Musicals,,Broadway
885,885,b9283d37-8c61-5713-8b7e-43cb529236e9,Starlight TheatreHadestownB0612EFR,5119,Starlight Theatre,2026-06-12 15:00:00,Hadestown,B0612EFR,Musicals,,Broadway
886,886,377a9693-9af9-59c8-9571-8e1ebd42567c,Starlight TheatreA Beautiful NoiseB0710EFR,5125,Starlight Theatre,2026-07-10 15:00:00,A Beautiful Noise,B0710EFR,Musicals,,Broadway
887,887,68e171f3-b21f-53c7-88f9-3574ce4038b1,Broadway DiningApplause Club SpamalotB0804RTU,5192,Broadway Dining,2026-08-04 13:30:00,Applause Club Spamalot,B0804RTU,Musicals,,Broadway
888,888,7e3828df-13fc-5278-8d69-69e3db289f8f,Broadway DiningApplause Club Beautiful NoiseB0709RTH,5188,Broadway Dining,2026-07-09 13:30:00,Applause Club Beautiful Noise,B0709RTH,Musicals,,Broadway
889,889,1336ff20-3b16-5738-b526-45a74549bdc4,Broadway DiningApplause Club Disney's NewsiesB0910RTH,5200,Broadway Dining,2026-09-10 13:30:00,Applause Club Disney's Newsies,B0910RTH,Musicals,,Broadway
890,890,1d7e9580-2668-56a1-8815-e40d24bc0487,Broadway DiningApplause Club Beautiful NoiseB0708RWE,5187,Broadway Dining,2026-07-08 13:30:00,Applause Club Beautiful Noise,B0708RWE,Musicals,,Broadway
891,891,7f1ea2d4-a7e4-57b4-9e50-31a15ea0ea94,Broadway DiningApplause Club Disney's NewsiesB0909RWE,5199,Broadway Dining,2026-09-09 13:30:00,Applause Club Disney's Newsies,B0909RWE,Musicals,,Broadway
892,892,a2ee17e8-967a-574c-b365-75c967d18774,Broadway DiningApplause Club SpamalotB0805RWE,5193,Broadway Dining,2026-08-05 13:30:00,Applause Club Spamalot,B0805RWE,Musicals,,Broadway
893,893,43c8d2fd-2d1f-59b7-b6d3-c0e9a6a58041,Starlight TheatreA Beautiful NoiseB0712ESU,5127,Starlight Theatre,2026-07-12 15:00:00,A Beautiful Noise,B0712ESU,Musicals,,Broadway
894,894,af9a0f5f-792a-58b8-9184-baf15dabeeba,Broadway DiningApplause Club Disney's NewsiesB0911RFR,5201,Broadway Dining,2026-09-11 13:30:00,Applause Club Disney's Newsies,B0911RFR,Musicals,,Broadway
895,895,88b226ea-0b2f-5c44-a9b6-4c4a1d6f6c53,Starlight TheatreA Beautiful NoiseB0708EWE,5123,Starlight Theatre,2026-07-08 15:00:00,A Beautiful Noise,B0708EWE,Musicals,,Broadway
896,896,d773c155-e8bb-58e0-a981-a77f1e50892d,Starlight TheatreHadestownB0610EWE,5117,Starlight Theatre,2026-06-10 15:00:00,Hadestown,B0610EWE,Musicals,,Broadway
897,897,b12ae058-a8c7-577d-a167-d064694d82b3,Broadway DiningApplause Club HadestownB0610RWE,5181,Broadway Dining,2026-06-10 13:30:00,Applause Club Hadestown,B0610RWE,Musicals,,Broadway
901,901,56bfb826-d3f5-567a-995c-83562f63d635,ParkingPremium Parking Life of PiB0920PSA,4893,Parking,2025-09-20 12:30:00,Premium Parking Life of Pi,B0920PSA,Movies,,Broadway
912,912,cc61d988-1f25-5e28-b750-7126471d6f1d,Starlight TheatreLife of PiB0920ESA,4857,Starlight Theatre,2025-09-20 15:00:00,Life of Pi,B0920ESA,Movies,,Broadway
968,968,029eb6ee-3ba3-5983-ac7c-0cd030fb36c2,Stage HouseUnderneath A Magical MoonE0405MSA,4812,Stage House,2025-04-05 11:00:00,Underneath A Magical Moon,E0405MSA,Musicals,,Broadway
969,969,2011adad-335a-5500-9cb9-babe6a07b4c0,Starlight TheatreSchool of RockB0608ESU,4840,Starlight Theatre,2025-06-08 20:00:00,School of Rock,B0608ESU,Musicals,,Broadway
971,971,f012dace-ca42-5413-8a03-9ed52d6575ee,ParkingPremium Parking School of RockB0608PSU,4876,Parking,2025-06-08 17:30:00,Premium Parking School of Rock,B0608PSU,Musicals,,Broadway
972,972,41897f30-31ea-5634-9c53-c54bdc8fc46a,Broadway DiningApplause Club School of RockB0608RSU,4912,Broadway Dining,2025-06-08 18:30:00,Applause Club School of Rock,B0608RSU,Musicals,,Broadway
973,973,35fe7356-371c-5532-8215-976418552b4d,Starlight TheatreMean GirlsB0525ESU,4834,Starlight Theatre,2025-05-25 20:00:00,Mean Girls,B0525ESU,Musicals,,Broadway
974,974,88f2c933-edda-5f1f-98b8-3218371d2460,ParkingPremium Parking Mean GirlsB0525PSU,4870,Parking,2025-05-25 17:30:00,Premium Parking Mean Girls,B0525PSU,Musicals,,Broadway
975,975,1dd43a3b-9427-57ce-b594-71bd1c91d40e,Broadway DiningApplause Club Mean GirlsB0525RSU,4906,Broadway Dining,2025-05-25 18:30:00,Applause Club Mean Girls,B0525RSU,Musicals,,Broadway
977,977,c7d6506d-91a5-58e9-a86c-d43fc3ff8c40,Broadway DiningApplause Club Mean GirlsB0523RFR,4904,Broadway Dining,2025-05-23 18:30:00,Applause Club Mean Girls,B0523RFR,Musicals,,Broadway
978,978,12b55c4e-877c-5d1f-80fa-31bc120bad02,Starlight TheatreMean GirlsB0523EFR,4832,Starlight Theatre,2025-05-23 20:00:00,Mean Girls,B0523EFR,Musicals,,Broadway
979,979,8e7290af-4318-578b-bd17-2dd6146ca155,Broadway DiningApplause Club Mean GirlsB0521RWE,4902,Broadway Dining,2025-05-21 18:30:00,Applause Club Mean Girls,B0521RWE,Musicals,,Broadway
980,980,f3654d93-dc7e-5c2d-9692-e186585ed35d,Starlight TheatreMean GirlsB0521EWE,4830,Starlight Theatre,2025-05-21 20:00:00,Mean Girls,B0521EWE,Musicals,,Broadway
981,981,72abdd43-db6a-51b3-9fdd-e3952f2b3753,Starlight TheatreMean GirlsB0522ETH,4831,Starlight Theatre,2025-05-22 20:00:00,Mean Girls,B0522ETH,Musicals,,Broadway
982,982,9e2a51ac-9e80-5967-a0f1-9d8bb1c47853,ParkingPremium Parking Mean GirlsB0521PWE,4866,Parking,2025-05-21 17:30:00,Premium Parking Mean Girls,B0521PWE,Musicals,,Broadway
983,983,5d7269c4-f6d8-532c-9368-036134b76c1a,Broadway DiningApplause Club Mean GirlsB0520RTU,4901,Broadway Dining,2025-05-20 18:30:00,Applause Club Mean Girls,B0520RTU,Musicals,,Broadway
984,984,910510c4-9cf1-5a31-a803-4ca98487d447,Broadway DiningApplause Club Mean GirlsB0522RTH,4903,Broadway Dining,2025-05-22 18:30:00,Applause Club Mean Girls,B0522RTH,Musicals,,Broadway
985,985,9518ab99-1155-5c0e-ae91-c1a9f1298eb1,ParkingPremium Parking Mean GirlsB0520PTU,4865,Parking,2025-05-20 17:30:00,Premium Parking Mean Girls,B0520PTU,Musicals,,Broadway
986,986,46e32951-dd61-59ca-87a2-5e78584d38ca,Starlight TheatreMean GirlsB0520ETU,4829,Starlight Theatre,2025-05-20 20:00:00,Mean Girls,B0520ETU,Musicals,,Broadway
987,987,82d6ce2b-8f56-5895-988f-2ae3939ad858,ParkingPremium Parking Mean GirlsB0522PTH,4867,Parking,2025-05-22 17:30:00,Premium Parking Mean Girls,B0522PTH,Musicals,,Broadway
988,988,0b682fe9-9a6c-5f02-829d-f159aefca4a8,ParkingPremium Parking Mean GirlsB0523PFR,4868,Parking,2025-05-23 17:30:00,Premium Parking Mean Girls,B0523PFR,Musicals,,Broadway
989,989,a96addd2-c9e4-5a49-888e-7b5c21e9af2e,Starlight TheatreSchool of RockB0604EWE,4836,Starlight Theatre,2025-06-04 20:00:00,School of Rock,B0604EWE,Musicals,,Broadway
990,990,80e18be4-8553-5356-b52f-b49ae743ec2e,ParkingPremium Parking School of RockB0604PWE,4872,Parking,2025-06-04 17:30:00,Premium Parking School of Rock,B0604PWE,Musicals,,Broadway
991,991,6a055515-844e-54c1-9ad1-ac97644f71fe,ParkingPremium Parking School of RockB0603PTU,4871,Parking,2025-06-03 17:30:00,Premium Parking School of Rock,B0603PTU,Musicals,,Broadway
992,992,7d394536-8ce9-54b9-888b-696aa160c9e9,Starlight TheatreSchool of RockB0606EFR,4838,Starlight Theatre,2025-06-06 20:00:00,School of Rock,B0606EFR,Musicals,,Broadway
993,993,0f59ccbe-82b9-524e-be49-2076556f06fe,Broadway DiningApplause Club School of RockB0605RTH,4909,Broadway Dining,2025-06-05 18:30:00,Applause Club School of Rock,B0605RTH,Musicals,,Broadway
994,994,24424f08-d855-5de7-bfd2-0b6f783cfab2,Broadway DiningApplause Club School of RockB0603RTU,4907,Broadway Dining,2025-06-03 18:30:00,Applause Club School of Rock,B0603RTU,Musicals,,Broadway
996,996,423c3faa-e939-5e93-aa87-d1943e1d0602,ParkingPremium Parking School of RockB0605PTH,4873,Parking,2025-06-05 17:30:00,Premium Parking School of Rock,B0605PTH,Musicals,,Broadway
997,997,3e8ad3ad-76ac-50be-9a99-a67ee3b9878a,ParkingPremium Parking School of RockB0606PFR,4874,Parking,2025-06-06 17:30:00,Premium Parking School of Rock,B0606PFR,Musicals,,Broadway
998,998,45ee7dd3-b774-5fe0-b095-b07a4d9ab896,Starlight TheatreSchool of RockB0603ETU,4835,Starlight Theatre,2025-06-03 20:00:00,School of Rock,B0603ETU,Musicals,,Broadway
999,999,626c14cd-1b34-5985-939b-29504e5b4874,Broadway DiningApplause Club School of RockB0606RFR,4910,Broadway Dining,2025-06-06 18:30:00,Applause Club School of Rock,B0606RFR,Musicals,,Broadway
1000,1000,f30021a0-c74e-5c58-ad36-9c23e0a8319d,Broadway DiningApplause Club School of RockB0604RWE,4908,Broadway Dining,2025-06-04 18:30:00,Applause Club School of Rock,B0604RWE,Musicals,,Broadway
1017,1017,c367ea80-d635-555b-8ef3-5c6df23683e8,Broadway DiningApplause Club Ain't too ProudB0723RWE,4914,Broadway Dining,2025-07-23 18:30:00,Applause Club Ain't too Proud,B0723RWE,Musicals,,Broadway
1018,1018,a8413489-6870-547b-b95f-e50839bd76f4,Starlight TheatreAin't Too ProudB0723EWE,4842,Starlight Theatre,2025-07-23 20:00:00,Ain't Too Proud,B0723EWE,Musicals,,Broadway
1019,1019,69df5e1a-62b6-577a-8d2f-cbf5846de38f,ParkingPremium Parking Ain't ProudB0723PWE,4878,Parking,2025-07-23 17:30:00,Premium Parking Ain't Proud,B0723PWE,Musicals,,Broadway
1020,1020,5fb559c7-c436-54a8-ad79-55b7ef49b1a6,Broadway DiningApplause Club Ain't too ProudB0725RFR,4916,Broadway Dining,2025-07-25 18:30:00,Applause Club Ain't too Proud,B0725RFR,Musicals,,Broadway
1021,1021,e4be6047-99c0-5d99-bcf4-93944bbb4db5,Starlight TheatreAin't Too ProudB0725EFR,4844,Starlight Theatre,2025-07-25 20:00:00,Ain't Too Proud,B0725EFR,Musicals,,Broadway
1022,1022,d59da712-86d7-5b60-bf8d-e3600a035593,ParkingPremium Parking Ain't ProudB0725PFR,4880,Parking,2025-07-25 17:30:00,Premium Parking Ain't Proud,B0725PFR,Musicals,,Broadway
1023,1023,f4c60a52-61f1-5aab-aa8a-917477e571b7,ParkingPremium Parking Ain't ProudB0724PTH,4879,Parking,2025-07-24 17:30:00,Premium Parking Ain't Proud,B0724PTH,Musicals,,Broadway
1024,1024,c0b8fb20-45c3-5385-8c4f-3dd1eaf6113e,Starlight TheatreAin't Too ProudB0724ETH,4843,Starlight Theatre,2025-07-24 20:00:00,Ain't Too Proud,B0724ETH,Musicals,,Broadway
1025,1025,cbac17fb-a610-524b-9fcf-3e1757c459dc,Starlight TheatreAin't Too ProudB0722ETU,4841,Starlight Theatre,2025-07-22 20:00:00,Ain't Too Proud,B0722ETU,Musicals,,Broadway
1026,1026,93eea294-1370-5128-98ee-8f14322f30e4,ParkingPremium Parking Ain't ProudB0722PTU,4877,Parking,2025-07-22 17:30:00,Premium Parking Ain't Proud,B0722PTU,Musicals,,Broadway
1027,1027,beaf5d81-61cd-5179-8593-359691d493b6,Broadway DiningApplause Club Ain't too ProudB0722RTU,4913,Broadway Dining,2025-07-22 18:30:00,Applause Club Ain't too Proud,B0722RTU,Musicals,,Broadway
1028,1028,d6945ee8-6ae5-5f64-b845-8d3d64c95694,Broadway DiningApplause Club Ain't too ProudB0724RTH,4915,Broadway Dining,2025-07-24 18:30:00,Applause Club Ain't too Proud,B0724RTH,Musicals,,Broadway
1033,1033,21703710-336e-5f39-af99-aa6bb2676ff4,Starlight TheatreAin't Too ProudB0727ESU,4846,Starlight Theatre,2025-07-27 20:00:00,Ain't Too Proud,B0727ESU,Musicals,,Broadway
1034,1034,9f5f2679-0961-5669-a783-4f2bbdee9083,Broadway DiningApplause Club Ain't too ProudB0727RSU,4918,Broadway Dining,2025-07-27 18:30:00,Applause Club Ain't too Proud,B0727RSU,Musicals,,Broadway
1035,1035,57596009-32f9-55f3-a277-6c9867dd4768,ParkingPremium Parking Ain't ProudB0727PSU,4882,Parking,2025-07-27 17:30:00,Premium Parking Ain't Proud,B0727PSU,Musicals,,Broadway
1036,1036,06a8fe49-d7d0-5fff-9146-d6c08ef827e5,ParkingPremium Parking Disneys FrozenB0808PFR,4886,Parking,2025-08-08 17:30:00,Premium Parking Disneys Frozen,B0808PFR,Musicals,,Broadway
1037,1037,eedb9f73-1de3-5d91-8b31-054f0478afab,Broadway DiningApplause Club Disney's FrozenB0808RFR,4922,Broadway Dining,2025-08-08 18:30:00,Applause Club Disney's Frozen,B0808RFR,Musicals,,Broadway
1038,1038,526c21a2-5939-5200-ba1d-0e1f8e02c54a,Broadway DiningApplause Club Disney's FrozenB0805RTU,4919,Broadway Dining,2025-08-05 18:30:00,Applause Club Disney's Frozen,B0805RTU,Musicals,,Broadway
1039,1039,4ab88faa-9494-5964-9ff5-35f39cb219e6,Broadway DiningApplause Club Disney's FrozenB0806RWE,4920,Broadway Dining,2025-08-06 18:30:00,Applause Club Disney's Frozen,B0806RWE,Musicals,,Broadway
1040,1040,389b9f8b-adad-5303-b474-ac1a4d6e7918,Starlight TheatreDisney's FrozenB0807ETH,4849,Starlight Theatre,2025-08-07 20:00:00,Disney's Frozen,B0807ETH,Musicals,,Broadway
1041,1041,f781ce0d-e09e-5a16-b25d-29042e0fb7ec,ParkingPremium Parking Disneys FrozenB0805PTU,4883,Parking,2025-08-05 17:30:00,Premium Parking Disneys Frozen,B0805PTU,Musicals,,Broadway
1042,1042,0c90762d-fd30-5c4b-94b7-15a7a6a83c6b,Starlight TheatreDisney's FrozenB0806EWE,4848,Starlight Theatre,2025-08-06 20:00:00,Disney's Frozen,B0806EWE,Musicals,,Broadway
1043,1043,0fe3fc91-60f5-509b-8264-999bd5a174bf,Broadway DiningApplause Club Disney's FrozenB0807RTH,4921,Broadway Dining,2025-08-07 18:30:00,Applause Club Disney's Frozen,B0807RTH,Musicals,,Broadway
1044,1044,8ee00317-4e09-5b6d-81d1-551ac9ed233e,Starlight TheatreDisney's FrozenB0808EFR,4850,Starlight Theatre,2025-08-08 20:00:00,Disney's Frozen,B0808EFR,Musicals,,Broadway
1045,1045,3bdcf628-d881-5459-b022-54f5032262c7,Starlight TheatreDisney's FrozenB0805ETU,4847,Starlight Theatre,2025-08-05 20:00:00,Disney's Frozen,B0805ETU,Musicals,,Broadway
1046,1046,39590cd1-f54f-5f42-a57f-7a50880a575f,ParkingPremium Parking Disneys FrozenB0807PTH,4885,Parking,2025-08-07 17:30:00,Premium Parking Disneys Frozen,B0807PTH,Musicals,,Broadway
1047,1047,70b7629d-25c6-5149-940e-c16b48606f46,ParkingPremium Parking Disneys FrozenB0806PWE,4884,Parking,2025-08-06 17:30:00,Premium Parking Disneys Frozen,B0806PWE,Musicals,,Broadway
1048,1048,aa6099e9-264e-5603-990d-c4b3b6a0eabf,Starlight TheatreDisney's FrozenB0810ESU,4852,Starlight Theatre,2025-08-10 20:00:00,Disney's Frozen,B0810ESU,Musicals,,Broadway
1054,1054,e398ede3-ce89-57dc-adb6-d5673e8b6afc,ParkingPremium Parking Disneys FrozenB0810PSU,4888,Parking,2025-08-10 17:30:00,Premium Parking Disneys Frozen,B0810PSU,Musicals,,Broadway
1056,1056,3353fa79-6ca3-592b-a0ff-5e2947c34eaf,Broadway DiningApplause Club Disney's FrozenB0810RSU,4924,Broadway Dining,2025-08-10 18:30:00,Applause Club Disney's Frozen,B0810RSU,Musicals,,Broadway
